"CC_ID","FL_ID","TC_ID"
"CC_ID11437","FL_ID1","TC_ID3457"
"CC_ID11384","FL_ID3","TC_ID10284"
"CC_ID11384","FL_ID3","TC_ID13487"
"CC_ID11384","FL_ID3","TC_ID14531"
"CC_ID11384","FL_ID3","TC_ID18474"
"CC_ID11384","FL_ID3","TC_ID18753"
"CC_ID11384","FL_ID3","TC_ID21437"
"CC_ID11384","FL_ID3","TC_ID21922"
"CC_ID11384","FL_ID3","TC_ID24189"
"CC_ID11384","FL_ID3","TC_ID688"
"CC_ID5538","FL_ID4","TC_ID15730"
"CC_ID5538","FL_ID4","TC_ID20831"
"CC_ID6430","FL_ID5","TC_ID10985"
"CC_ID6430","FL_ID5","TC_ID16365"
"CC_ID6430","FL_ID5","TC_ID17822"
"CC_ID6430","FL_ID5","TC_ID25756"
"CC_ID6430","FL_ID5","TC_ID7532"
"CC_ID9000","FL_ID12","TC_ID24580"
"CC_ID9000","FL_ID12","TC_ID7679"
"CC_ID9000","FL_ID12","TC_ID9145"
"CC_ID5855","FL_ID17","TC_ID10753"
"CC_ID5855","FL_ID17","TC_ID19053"
"CC_ID5855","FL_ID17","TC_ID8164"
"CC_ID5855","FL_ID17","TC_ID9628"
"CC_ID9450","FL_ID18","TC_ID22187"
"CC_ID9450","FL_ID18","TC_ID24146"
"CC_ID9450","FL_ID18","TC_ID25384"
"CC_ID3489","FL_ID21","TC_ID14494"
"CC_ID7062","FL_ID24","TC_ID24436"
"CC_ID7062","FL_ID24","TC_ID5644"
"CC_ID2286","FL_ID25","TC_ID13170"
"CC_ID2286","FL_ID25","TC_ID13798"
"CC_ID2286","FL_ID25","TC_ID17538"
"CC_ID2286","FL_ID25","TC_ID22515"
"CC_ID2286","FL_ID25","TC_ID24922"
"CC_ID2286","FL_ID25","TC_ID2996"
"CC_ID2286","FL_ID25","TC_ID5364"
"CC_ID2286","FL_ID25","TC_ID8721"
"CC_ID10329","FL_ID28","TC_ID12642"
"CC_ID10329","FL_ID28","TC_ID2785"
"CC_ID10329","FL_ID28","TC_ID4838"
"CC_ID10329","FL_ID28","TC_ID8047"
"CC_ID11557","FL_ID28","TC_ID19196"
"CC_ID11557","FL_ID28","TC_ID23427"
"CC_ID11557","FL_ID28","TC_ID24061"
"CC_ID11557","FL_ID28","TC_ID5392"
"CC_ID2946","FL_ID29","TC_ID11884"
"CC_ID2946","FL_ID29","TC_ID20175"
"CC_ID1911","FL_ID33","TC_ID20350"
"CC_ID1911","FL_ID33","TC_ID8616"
"CC_ID1911","FL_ID33","TC_ID8622"
"CC_ID12376","FL_ID34","TC_ID22001"
"CC_ID8708","FL_ID37","TC_ID10101"
"CC_ID8708","FL_ID37","TC_ID23491"
"CC_ID8708","FL_ID37","TC_ID6700"
"CC_ID10644","FL_ID39","TC_ID1403"
"CC_ID10644","FL_ID39","TC_ID21216"
"CC_ID1818","FL_ID39","TC_ID10393"
"CC_ID12432","FL_ID40","TC_ID19671"
"CC_ID12432","FL_ID40","TC_ID25542"
"CC_ID3939","FL_ID41","TC_ID10051"
"CC_ID3939","FL_ID41","TC_ID16588"
"CC_ID3939","FL_ID41","TC_ID20513"
"CC_ID3939","FL_ID41","TC_ID4016"
"CC_ID3939","FL_ID41","TC_ID7015"
"CC_ID7202","FL_ID41","TC_ID10729"
"CC_ID7202","FL_ID41","TC_ID11167"
"CC_ID7202","FL_ID41","TC_ID18524"
"CC_ID8522","FL_ID41","TC_ID10841"
"CC_ID8522","FL_ID41","TC_ID20400"
"CC_ID8522","FL_ID41","TC_ID3814"
"CC_ID726","FL_ID43","TC_ID10608"
"CC_ID726","FL_ID43","TC_ID15666"
"CC_ID726","FL_ID43","TC_ID18394"
"CC_ID726","FL_ID43","TC_ID4780"
"CC_ID726","FL_ID43","TC_ID7100"
"CC_ID3296","FL_ID45","TC_ID17203"
"CC_ID3296","FL_ID45","TC_ID2349"
"CC_ID9173","FL_ID46","TC_ID12319"
"CC_ID9173","FL_ID46","TC_ID18522"
"CC_ID9173","FL_ID46","TC_ID6407"
"CC_ID9040","FL_ID48","TC_ID1238"
"CC_ID9040","FL_ID48","TC_ID19246"
"CC_ID8716","FL_ID51","TC_ID24007"
"CC_ID11954","FL_ID52","TC_ID10085"
"CC_ID11954","FL_ID52","TC_ID104"
"CC_ID11954","FL_ID52","TC_ID15431"
"CC_ID11954","FL_ID52","TC_ID20691"
"CC_ID11954","FL_ID52","TC_ID3452"
"CC_ID11954","FL_ID52","TC_ID7789"
"CC_ID11954","FL_ID52","TC_ID9376"
"CC_ID9013","FL_ID52","TC_ID11219"
"CC_ID1819","FL_ID53","TC_ID13098"
"CC_ID9814","FL_ID55","TC_ID9529"
"CC_ID11414","FL_ID56","TC_ID14944"
"CC_ID11414","FL_ID56","TC_ID15455"
"CC_ID11414","FL_ID56","TC_ID22994"
"CC_ID11414","FL_ID56","TC_ID23797"
"CC_ID11414","FL_ID56","TC_ID9658"
"CC_ID4241","FL_ID56","TC_ID15823"
"CC_ID4241","FL_ID56","TC_ID21958"
"CC_ID4241","FL_ID56","TC_ID22060"
"CC_ID4241","FL_ID56","TC_ID22699"
"CC_ID4241","FL_ID56","TC_ID2310"
"CC_ID4241","FL_ID56","TC_ID5500"
"CC_ID4241","FL_ID56","TC_ID7603"
"CC_ID4241","FL_ID56","TC_ID7796"
"CC_ID2970","FL_ID60","TC_ID16731"
"CC_ID2970","FL_ID60","TC_ID17731"
"CC_ID2970","FL_ID60","TC_ID18590"
"CC_ID2970","FL_ID60","TC_ID20498"
"CC_ID2970","FL_ID60","TC_ID9875"
"CC_ID6917","FL_ID64","TC_ID8890"
"CC_ID7357","FL_ID65","TC_ID13460"
"CC_ID7357","FL_ID65","TC_ID19067"
"CC_ID7357","FL_ID65","TC_ID8632"
"CC_ID9886","FL_ID65","TC_ID1552"
"CC_ID9886","FL_ID65","TC_ID17192"
"CC_ID9886","FL_ID65","TC_ID20819"
"CC_ID9886","FL_ID65","TC_ID22686"
"CC_ID9886","FL_ID65","TC_ID24206"
"CC_ID9886","FL_ID65","TC_ID25500"
"CC_ID9886","FL_ID65","TC_ID41"
"CC_ID9886","FL_ID65","TC_ID6264"
"CC_ID6888","FL_ID66","TC_ID18286"
"CC_ID6888","FL_ID66","TC_ID21883"
"CC_ID6888","FL_ID66","TC_ID497"
"CC_ID7426","FL_ID66","TC_ID20867"
"CC_ID7426","FL_ID66","TC_ID23815"
"CC_ID7426","FL_ID66","TC_ID25085"
"CC_ID7426","FL_ID66","TC_ID25835"
"CC_ID7426","FL_ID66","TC_ID7755"
"CC_ID4443","FL_ID70","TC_ID17407"
"CC_ID4443","FL_ID70","TC_ID17543"
"CC_ID4443","FL_ID70","TC_ID25445"
"CC_ID930","FL_ID73","TC_ID10027"
"CC_ID930","FL_ID73","TC_ID16617"
"CC_ID930","FL_ID73","TC_ID17881"
"CC_ID930","FL_ID73","TC_ID5077"
"CC_ID930","FL_ID73","TC_ID770"
"CC_ID11991","FL_ID78","TC_ID10176"
"CC_ID11991","FL_ID78","TC_ID11804"
"CC_ID11991","FL_ID78","TC_ID20643"
"CC_ID7340","FL_ID78","TC_ID14103"
"CC_ID7340","FL_ID78","TC_ID18118"
"CC_ID7340","FL_ID78","TC_ID3677"
"CC_ID8982","FL_ID79","TC_ID12062"
"CC_ID8982","FL_ID79","TC_ID13585"
"CC_ID8982","FL_ID79","TC_ID14824"
"CC_ID8982","FL_ID79","TC_ID15318"
"CC_ID8982","FL_ID79","TC_ID16516"
"CC_ID8982","FL_ID79","TC_ID1926"
"CC_ID8982","FL_ID79","TC_ID23526"
"CC_ID8982","FL_ID79","TC_ID5832"
"CC_ID8982","FL_ID79","TC_ID6967"
"CC_ID8982","FL_ID79","TC_ID7781"
"CC_ID12577","FL_ID82","TC_ID16680"
"CC_ID12577","FL_ID82","TC_ID17029"
"CC_ID12577","FL_ID82","TC_ID23986"
"CC_ID8394","FL_ID82","TC_ID12557"
"CC_ID8394","FL_ID82","TC_ID21916"
"CC_ID8394","FL_ID82","TC_ID2709"
"CC_ID5399","FL_ID85","TC_ID10222"
"CC_ID5399","FL_ID85","TC_ID11230"
"CC_ID5399","FL_ID85","TC_ID15730"
"CC_ID5399","FL_ID85","TC_ID16050"
"CC_ID5399","FL_ID85","TC_ID17412"
"CC_ID5399","FL_ID85","TC_ID18228"
"CC_ID5399","FL_ID85","TC_ID18703"
"CC_ID5399","FL_ID85","TC_ID4037"
"CC_ID9412","FL_ID85","TC_ID11670"
"CC_ID9412","FL_ID85","TC_ID15654"
"CC_ID9412","FL_ID85","TC_ID9015"
"CC_ID9676","FL_ID87","TC_ID19106"
"CC_ID9676","FL_ID87","TC_ID4510"
"CC_ID4298","FL_ID91","TC_ID9572"
"CC_ID5569","FL_ID102","TC_ID14130"
"CC_ID5569","FL_ID102","TC_ID7394"
"CC_ID11935","FL_ID104","TC_ID11521"
"CC_ID11935","FL_ID104","TC_ID13177"
"CC_ID11935","FL_ID104","TC_ID18231"
"CC_ID11935","FL_ID104","TC_ID20694"
"CC_ID11935","FL_ID104","TC_ID23362"
"CC_ID11935","FL_ID104","TC_ID24611"
"CC_ID11935","FL_ID104","TC_ID7184"
"CC_ID6378","FL_ID104","TC_ID13268"
"CC_ID6378","FL_ID104","TC_ID14541"
"CC_ID6378","FL_ID104","TC_ID16346"
"CC_ID6378","FL_ID104","TC_ID17416"
"CC_ID6378","FL_ID104","TC_ID20287"
"CC_ID6378","FL_ID104","TC_ID2323"
"CC_ID6378","FL_ID104","TC_ID281"
"CC_ID6378","FL_ID104","TC_ID7288"
"CC_ID6378","FL_ID104","TC_ID9740"
"CC_ID2800","FL_ID113","TC_ID12773"
"CC_ID2800","FL_ID113","TC_ID19247"
"CC_ID2800","FL_ID113","TC_ID23403"
"CC_ID4003","FL_ID115","TC_ID16129"
"CC_ID4003","FL_ID115","TC_ID166"
"CC_ID4003","FL_ID115","TC_ID17746"
"CC_ID7446","FL_ID115","TC_ID13132"
"CC_ID7446","FL_ID115","TC_ID20282"
"CC_ID7446","FL_ID115","TC_ID2288"
"CC_ID8027","FL_ID115","TC_ID24679"
"CC_ID8027","FL_ID115","TC_ID549"
"CC_ID8027","FL_ID115","TC_ID7116"
"CC_ID9878","FL_ID121","TC_ID15965"
"CC_ID9878","FL_ID121","TC_ID18340"
"CC_ID9878","FL_ID121","TC_ID7582"
"CC_ID10865","FL_ID122","TC_ID19664"
"CC_ID10865","FL_ID122","TC_ID24216"
"CC_ID10865","FL_ID122","TC_ID6086"
"CC_ID10865","FL_ID122","TC_ID7141"
"CC_ID10865","FL_ID122","TC_ID7828"
"CC_ID11694","FL_ID126","TC_ID10358"
"CC_ID11694","FL_ID126","TC_ID24788"
"CC_ID11694","FL_ID126","TC_ID9392"
"CC_ID4067","FL_ID128","TC_ID1627"
"CC_ID4067","FL_ID128","TC_ID22786"
"CC_ID4067","FL_ID128","TC_ID5656"
"CC_ID8708","FL_ID131","TC_ID10101"
"CC_ID8708","FL_ID131","TC_ID23491"
"CC_ID8708","FL_ID131","TC_ID6700"
"CC_ID9807","FL_ID131","TC_ID18195"
"CC_ID9807","FL_ID131","TC_ID4437"
"CC_ID9807","FL_ID131","TC_ID9628"
"CC_ID6115","FL_ID132","TC_ID11842"
"CC_ID6115","FL_ID132","TC_ID19792"
"CC_ID6115","FL_ID132","TC_ID23094"
"CC_ID6115","FL_ID132","TC_ID2679"
"CC_ID6115","FL_ID132","TC_ID679"
"CC_ID4714","FL_ID133","TC_ID166"
"CC_ID4714","FL_ID133","TC_ID6256"
"CC_ID3151","FL_ID136","TC_ID15898"
"CC_ID3151","FL_ID136","TC_ID22731"
"CC_ID5001","FL_ID136","TC_ID10346"
"CC_ID5001","FL_ID136","TC_ID10640"
"CC_ID5001","FL_ID136","TC_ID18465"
"CC_ID5001","FL_ID136","TC_ID20305"
"CC_ID5001","FL_ID136","TC_ID20315"
"CC_ID5001","FL_ID136","TC_ID21177"
"CC_ID5001","FL_ID136","TC_ID2924"
"CC_ID5001","FL_ID136","TC_ID5017"
"CC_ID5001","FL_ID136","TC_ID9767"
"CC_ID6069","FL_ID136","TC_ID10511"
"CC_ID6069","FL_ID136","TC_ID11478"
"CC_ID6069","FL_ID136","TC_ID1178"
"CC_ID6069","FL_ID136","TC_ID12964"
"CC_ID6069","FL_ID136","TC_ID1543"
"CC_ID6069","FL_ID136","TC_ID16254"
"CC_ID6069","FL_ID136","TC_ID18072"
"CC_ID6069","FL_ID136","TC_ID6105"
"CC_ID6069","FL_ID136","TC_ID6241"
"CC_ID6069","FL_ID136","TC_ID6977"
"CC_ID6637","FL_ID137","TC_ID3685"
"CC_ID3339","FL_ID143","TC_ID12205"
"CC_ID10730","FL_ID145","TC_ID4869"
"CC_ID7772","FL_ID146","TC_ID12643"
"CC_ID7772","FL_ID146","TC_ID14629"
"CC_ID7772","FL_ID146","TC_ID1993"
"CC_ID10259","FL_ID147","TC_ID13578"
"CC_ID8713","FL_ID147","TC_ID14757"
"CC_ID8713","FL_ID147","TC_ID19400"
"CC_ID8713","FL_ID147","TC_ID20909"
"CC_ID8713","FL_ID147","TC_ID20975"
"CC_ID8713","FL_ID147","TC_ID5859"
"CC_ID9750","FL_ID149","TC_ID20582"
"CC_ID9750","FL_ID149","TC_ID5565"
"CC_ID11177","FL_ID154","TC_ID14418"
"CC_ID11177","FL_ID154","TC_ID20387"
"CC_ID3164","FL_ID158","TC_ID12834"
"CC_ID3164","FL_ID158","TC_ID20805"
"CC_ID3164","FL_ID158","TC_ID23413"
"CC_ID1036","FL_ID160","TC_ID12174"
"CC_ID1036","FL_ID160","TC_ID14222"
"CC_ID1036","FL_ID160","TC_ID8177"
"CC_ID4543","FL_ID160","TC_ID16124"
"CC_ID4543","FL_ID160","TC_ID2753"
"CC_ID4543","FL_ID160","TC_ID277"
"CC_ID5460","FL_ID160","TC_ID13897"
"CC_ID5460","FL_ID160","TC_ID16199"
"CC_ID5460","FL_ID160","TC_ID19171"
"CC_ID5460","FL_ID160","TC_ID3452"
"CC_ID5460","FL_ID160","TC_ID6076"
"CC_ID5460","FL_ID160","TC_ID7309"
"CC_ID5460","FL_ID160","TC_ID9689"
"CC_ID4032","FL_ID162","TC_ID17169"
"CC_ID4032","FL_ID162","TC_ID18517"
"CC_ID4032","FL_ID162","TC_ID20460"
"CC_ID4032","FL_ID162","TC_ID23511"
"CC_ID4758","FL_ID162","TC_ID1112"
"CC_ID4758","FL_ID162","TC_ID11763"
"CC_ID4758","FL_ID162","TC_ID7553"
"CC_ID6982","FL_ID162","TC_ID11830"
"CC_ID6982","FL_ID162","TC_ID5749"
"CC_ID6982","FL_ID162","TC_ID8663"
"CC_ID726","FL_ID162","TC_ID10608"
"CC_ID726","FL_ID162","TC_ID15666"
"CC_ID726","FL_ID162","TC_ID18394"
"CC_ID726","FL_ID162","TC_ID4780"
"CC_ID726","FL_ID162","TC_ID7100"
"CC_ID9712","FL_ID163","TC_ID1377"
"CC_ID9712","FL_ID163","TC_ID14166"
"CC_ID2602","FL_ID165","TC_ID12197"
"CC_ID2602","FL_ID165","TC_ID12602"
"CC_ID2602","FL_ID165","TC_ID17810"
"CC_ID2602","FL_ID165","TC_ID18216"
"CC_ID2602","FL_ID165","TC_ID1839"
"CC_ID2602","FL_ID165","TC_ID22232"
"CC_ID2602","FL_ID165","TC_ID25060"
"CC_ID2602","FL_ID165","TC_ID2771"
"CC_ID2602","FL_ID165","TC_ID5418"
"CC_ID2602","FL_ID165","TC_ID8446"
"CC_ID2376","FL_ID167","TC_ID23251"
"CC_ID2376","FL_ID167","TC_ID3795"
"CC_ID9276","FL_ID167","TC_ID8"
"CC_ID9276","FL_ID167","TC_ID991"
"CC_ID5074","FL_ID168","TC_ID18791"
"CC_ID5315","FL_ID168","TC_ID14003"
"CC_ID5315","FL_ID168","TC_ID6284"
"CC_ID5315","FL_ID168","TC_ID9931"
"CC_ID8027","FL_ID168","TC_ID24679"
"CC_ID8027","FL_ID168","TC_ID549"
"CC_ID8027","FL_ID168","TC_ID7116"
"CC_ID6536","FL_ID169","TC_ID19928"
"CC_ID6536","FL_ID169","TC_ID19943"
"CC_ID6536","FL_ID169","TC_ID23625"
"CC_ID7542","FL_ID170","TC_ID16155"
"CC_ID7542","FL_ID170","TC_ID4126"
"CC_ID3498","FL_ID176","TC_ID18629"
"CC_ID3498","FL_ID176","TC_ID20153"
"CC_ID3498","FL_ID176","TC_ID9836"
"CC_ID5121","FL_ID178","TC_ID21818"
"CC_ID5121","FL_ID178","TC_ID24328"
"CC_ID4053","FL_ID179","TC_ID25224"
"CC_ID7147","FL_ID179","TC_ID25342"
"CC_ID7147","FL_ID179","TC_ID286"
"CC_ID7147","FL_ID179","TC_ID8576"
"CC_ID4780","FL_ID180","TC_ID13870"
"CC_ID6432","FL_ID181","TC_ID1436"
"CC_ID6432","FL_ID181","TC_ID14958"
"CC_ID6432","FL_ID181","TC_ID15417"
"CC_ID6432","FL_ID181","TC_ID17504"
"CC_ID6432","FL_ID181","TC_ID2210"
"CC_ID6432","FL_ID181","TC_ID25578"
"CC_ID6432","FL_ID181","TC_ID6319"
"CC_ID6432","FL_ID181","TC_ID8011"
"CC_ID6432","FL_ID181","TC_ID9024"
"CC_ID9510","FL_ID183","TC_ID16027"
"CC_ID9510","FL_ID183","TC_ID8924"
"CC_ID4576","FL_ID184","TC_ID10304"
"CC_ID4576","FL_ID184","TC_ID125"
"CC_ID7914","FL_ID185","TC_ID19912"
"CC_ID7914","FL_ID185","TC_ID8136"
"CC_ID3749","FL_ID189","TC_ID1728"
"CC_ID574","FL_ID190","TC_ID20806"
"CC_ID574","FL_ID190","TC_ID2172"
"CC_ID574","FL_ID190","TC_ID6542"
"CC_ID3833","FL_ID192","TC_ID13892"
"CC_ID9414","FL_ID194","TC_ID16800"
"CC_ID9414","FL_ID194","TC_ID7744"
"CC_ID3695","FL_ID195","TC_ID24422"
"CC_ID3695","FL_ID195","TC_ID4738"
"CC_ID4161","FL_ID195","TC_ID17488"
"CC_ID4161","FL_ID195","TC_ID22614"
"CC_ID4161","FL_ID195","TC_ID6533"
"CC_ID3162","FL_ID197","TC_ID12932"
"CC_ID3162","FL_ID197","TC_ID16846"
"CC_ID3162","FL_ID197","TC_ID20987"
"CC_ID3162","FL_ID197","TC_ID382"
"CC_ID3162","FL_ID197","TC_ID7742"
"CC_ID3162","FL_ID197","TC_ID8018"
"CC_ID3162","FL_ID197","TC_ID9392"
"CC_ID10776","FL_ID200","TC_ID15326"
"CC_ID10096","FL_ID202","TC_ID12352"
"CC_ID10096","FL_ID202","TC_ID16676"
"CC_ID10096","FL_ID202","TC_ID17379"
"CC_ID10096","FL_ID202","TC_ID17826"
"CC_ID10096","FL_ID202","TC_ID21447"
"CC_ID10096","FL_ID202","TC_ID22719"
"CC_ID10096","FL_ID202","TC_ID23148"
"CC_ID10096","FL_ID202","TC_ID5149"
"CC_ID10096","FL_ID202","TC_ID5559"
"CC_ID7833","FL_ID202","TC_ID23458"
"CC_ID4657","FL_ID203","TC_ID1170"
"CC_ID4657","FL_ID203","TC_ID17668"
"CC_ID4657","FL_ID203","TC_ID18795"
"CC_ID4657","FL_ID203","TC_ID22058"
"CC_ID4657","FL_ID203","TC_ID8921"
"CC_ID12997","FL_ID204","TC_ID11230"
"CC_ID12997","FL_ID204","TC_ID1543"
"CC_ID12997","FL_ID204","TC_ID2723"
"CC_ID12997","FL_ID204","TC_ID7166"
"CC_ID12997","FL_ID204","TC_ID7379"
"CC_ID3194","FL_ID205","TC_ID10938"
"CC_ID3194","FL_ID205","TC_ID17460"
"CC_ID3194","FL_ID205","TC_ID21407"
"CC_ID3194","FL_ID205","TC_ID7629"
"CC_ID3719","FL_ID207","TC_ID20826"
"CC_ID3719","FL_ID207","TC_ID25367"
"CC_ID5855","FL_ID207","TC_ID10753"
"CC_ID5855","FL_ID207","TC_ID19053"
"CC_ID5855","FL_ID207","TC_ID8164"
"CC_ID5855","FL_ID207","TC_ID9628"
"CC_ID6423","FL_ID207","TC_ID13878"
"CC_ID6423","FL_ID207","TC_ID16775"
"CC_ID6423","FL_ID207","TC_ID7553"
"CC_ID7410","FL_ID207","TC_ID9115"
"CC_ID6422","FL_ID210","TC_ID13012"
"CC_ID6422","FL_ID210","TC_ID19942"
"CC_ID6422","FL_ID210","TC_ID20160"
"CC_ID6422","FL_ID210","TC_ID20548"
"CC_ID6422","FL_ID210","TC_ID2263"
"CC_ID1158","FL_ID211","TC_ID14424"
"CC_ID1158","FL_ID211","TC_ID16628"
"CC_ID1158","FL_ID211","TC_ID23480"
"CC_ID1158","FL_ID211","TC_ID8099"
"CC_ID4656","FL_ID216","TC_ID20140"
"CC_ID4656","FL_ID216","TC_ID23886"
"CC_ID7685","FL_ID216","TC_ID10283"
"CC_ID7685","FL_ID216","TC_ID17176"
"CC_ID7685","FL_ID216","TC_ID17286"
"CC_ID7685","FL_ID216","TC_ID23048"
"CC_ID7685","FL_ID216","TC_ID24490"
"CC_ID8779","FL_ID216","TC_ID10498"
"CC_ID8779","FL_ID216","TC_ID13489"
"CC_ID8779","FL_ID216","TC_ID16190"
"CC_ID8933","FL_ID217","TC_ID25774"
"CC_ID8933","FL_ID217","TC_ID6464"
"CC_ID8933","FL_ID217","TC_ID8360"
"CC_ID887","FL_ID218","TC_ID11806"
"CC_ID887","FL_ID218","TC_ID20292"
"CC_ID3486","FL_ID219","TC_ID10024"
"CC_ID3486","FL_ID219","TC_ID16647"
"CC_ID3486","FL_ID219","TC_ID4043"
"CC_ID11678","FL_ID223","TC_ID12478"
"CC_ID11678","FL_ID223","TC_ID17409"
"CC_ID11678","FL_ID223","TC_ID5147"
"CC_ID8071","FL_ID223","TC_ID1127"
"CC_ID8071","FL_ID223","TC_ID17590"
"CC_ID8071","FL_ID223","TC_ID20376"
"CC_ID8071","FL_ID223","TC_ID22571"
"CC_ID8071","FL_ID223","TC_ID23971"
"CC_ID8071","FL_ID223","TC_ID24744"
"CC_ID8071","FL_ID223","TC_ID325"
"CC_ID8071","FL_ID223","TC_ID4788"
"CC_ID8071","FL_ID223","TC_ID6944"
"CC_ID8071","FL_ID223","TC_ID9987"
"CC_ID9749","FL_ID224","TC_ID1414"
"CC_ID9749","FL_ID224","TC_ID2406"
"CC_ID9749","FL_ID224","TC_ID8446"
"CC_ID4502","FL_ID226","TC_ID15747"
"CC_ID4502","FL_ID226","TC_ID21960"
"CC_ID4502","FL_ID226","TC_ID6579"
"CC_ID6200","FL_ID226","TC_ID1275"
"CC_ID6200","FL_ID226","TC_ID19952"
"CC_ID6200","FL_ID226","TC_ID20178"
"CC_ID6200","FL_ID226","TC_ID20974"
"CC_ID1954","FL_ID227","TC_ID18244"
"CC_ID6270","FL_ID227","TC_ID13280"
"CC_ID6270","FL_ID227","TC_ID18408"
"CC_ID6270","FL_ID227","TC_ID361"
"CC_ID2537","FL_ID230","TC_ID11070"
"CC_ID8520","FL_ID232","TC_ID10850"
"CC_ID8520","FL_ID232","TC_ID11270"
"CC_ID8520","FL_ID232","TC_ID13079"
"CC_ID8520","FL_ID232","TC_ID14133"
"CC_ID8520","FL_ID232","TC_ID15811"
"CC_ID8520","FL_ID232","TC_ID17171"
"CC_ID8520","FL_ID232","TC_ID19152"
"CC_ID8520","FL_ID232","TC_ID6868"
"CC_ID8520","FL_ID232","TC_ID7144"
"CC_ID8520","FL_ID232","TC_ID8826"
"CC_ID12376","FL_ID235","TC_ID22001"
"CC_ID6853","FL_ID235","TC_ID19169"
"CC_ID4147","FL_ID238","TC_ID11995"
"CC_ID4147","FL_ID238","TC_ID18733"
"CC_ID4147","FL_ID238","TC_ID18857"
"CC_ID4147","FL_ID238","TC_ID19770"
"CC_ID4147","FL_ID238","TC_ID23291"
"CC_ID4147","FL_ID238","TC_ID2454"
"CC_ID4147","FL_ID238","TC_ID2837"
"CC_ID4147","FL_ID238","TC_ID4373"
"CC_ID4147","FL_ID238","TC_ID6791"
"CC_ID4147","FL_ID238","TC_ID8672"
"CC_ID8639","FL_ID238","TC_ID13900"
"CC_ID8639","FL_ID238","TC_ID21913"
"CC_ID8639","FL_ID238","TC_ID9919"
"CC_ID11987","FL_ID242","TC_ID13207"
"CC_ID4935","FL_ID243","TC_ID10129"
"CC_ID4935","FL_ID243","TC_ID13743"
"CC_ID4935","FL_ID243","TC_ID17405"
"CC_ID4935","FL_ID243","TC_ID20240"
"CC_ID4935","FL_ID243","TC_ID24319"
"CC_ID4935","FL_ID243","TC_ID25373"
"CC_ID4935","FL_ID243","TC_ID2852"
"CC_ID4935","FL_ID243","TC_ID5373"
"CC_ID4935","FL_ID243","TC_ID9078"
"CC_ID317","FL_ID244","TC_ID11059"
"CC_ID317","FL_ID244","TC_ID11193"
"CC_ID317","FL_ID244","TC_ID2000"
"CC_ID317","FL_ID244","TC_ID7571"
"CC_ID317","FL_ID244","TC_ID9938"
"CC_ID930","FL_ID244","TC_ID10027"
"CC_ID930","FL_ID244","TC_ID16617"
"CC_ID930","FL_ID244","TC_ID17881"
"CC_ID930","FL_ID244","TC_ID5077"
"CC_ID930","FL_ID244","TC_ID770"
"CC_ID1300","FL_ID246","TC_ID14824"
"CC_ID11530","FL_ID247","TC_ID17840"
"CC_ID11530","FL_ID247","TC_ID25266"
"CC_ID11530","FL_ID247","TC_ID476"
"CC_ID8254","FL_ID249","TC_ID11708"
"CC_ID12574","FL_ID251","TC_ID9730"
"CC_ID11345","FL_ID252","TC_ID14882"
"CC_ID11345","FL_ID252","TC_ID1637"
"CC_ID11345","FL_ID252","TC_ID20855"
"CC_ID4939","FL_ID252","TC_ID12273"
"CC_ID4939","FL_ID252","TC_ID13676"
"CC_ID4939","FL_ID252","TC_ID15309"
"CC_ID4939","FL_ID252","TC_ID15685"
"CC_ID4939","FL_ID252","TC_ID18662"
"CC_ID4939","FL_ID252","TC_ID22207"
"CC_ID4939","FL_ID252","TC_ID22557"
"CC_ID4939","FL_ID252","TC_ID23790"
"CC_ID4939","FL_ID252","TC_ID24967"
"CC_ID4939","FL_ID252","TC_ID6204"
"CC_ID3799","FL_ID256","TC_ID12806"
"CC_ID3799","FL_ID256","TC_ID21042"
"CC_ID3799","FL_ID256","TC_ID23181"
"CC_ID4047","FL_ID259","TC_ID14343"
"CC_ID4047","FL_ID259","TC_ID19896"
"CC_ID4047","FL_ID259","TC_ID2679"
"CC_ID430","FL_ID262","TC_ID11876"
"CC_ID430","FL_ID262","TC_ID12608"
"CC_ID430","FL_ID262","TC_ID14948"
"CC_ID430","FL_ID262","TC_ID16453"
"CC_ID430","FL_ID262","TC_ID1812"
"CC_ID430","FL_ID262","TC_ID19413"
"CC_ID430","FL_ID262","TC_ID21079"
"CC_ID430","FL_ID262","TC_ID24086"
"CC_ID430","FL_ID262","TC_ID806"
"CC_ID11719","FL_ID263","TC_ID11631"
"CC_ID11719","FL_ID263","TC_ID1334"
"CC_ID11719","FL_ID263","TC_ID13946"
"CC_ID11719","FL_ID263","TC_ID15767"
"CC_ID11719","FL_ID263","TC_ID19601"
"CC_ID11719","FL_ID263","TC_ID21485"
"CC_ID11719","FL_ID263","TC_ID23652"
"CC_ID11719","FL_ID263","TC_ID8068"
"CC_ID11719","FL_ID263","TC_ID9629"
"CC_ID4635","FL_ID263","TC_ID1100"
"CC_ID4635","FL_ID263","TC_ID1371"
"CC_ID4635","FL_ID263","TC_ID16219"
"CC_ID4635","FL_ID263","TC_ID18470"
"CC_ID4917","FL_ID263","TC_ID13895"
"CC_ID2173","FL_ID264","TC_ID12279"
"CC_ID2173","FL_ID264","TC_ID19289"
"CC_ID2173","FL_ID264","TC_ID7114"
"CC_ID2173","FL_ID264","TC_ID7309"
"CC_ID2173","FL_ID264","TC_ID7935"
"CC_ID12234","FL_ID265","TC_ID17912"
"CC_ID12234","FL_ID265","TC_ID20503"
"CC_ID12234","FL_ID265","TC_ID25079"
"CC_ID12487","FL_ID265","TC_ID23702"
"CC_ID12487","FL_ID265","TC_ID3897"
"CC_ID4830","FL_ID266","TC_ID2312"
"CC_ID4830","FL_ID266","TC_ID2811"
"CC_ID3999","FL_ID267","TC_ID4922"
"CC_ID6186","FL_ID269","TC_ID17790"
"CC_ID6186","FL_ID269","TC_ID23076"
"CC_ID6186","FL_ID269","TC_ID5848"
"CC_ID11576","FL_ID270","TC_ID12332"
"CC_ID11576","FL_ID270","TC_ID13005"
"CC_ID11576","FL_ID270","TC_ID1480"
"CC_ID11576","FL_ID270","TC_ID1943"
"CC_ID11576","FL_ID270","TC_ID22243"
"CC_ID2370","FL_ID272","TC_ID2178"
"CC_ID2370","FL_ID272","TC_ID24098"
"CC_ID2370","FL_ID272","TC_ID9459"
"CC_ID2430","FL_ID272","TC_ID12307"
"CC_ID2430","FL_ID272","TC_ID13639"
"CC_ID2430","FL_ID272","TC_ID19730"
"CC_ID2430","FL_ID272","TC_ID21043"
"CC_ID2430","FL_ID272","TC_ID21451"
"CC_ID2430","FL_ID272","TC_ID24669"
"CC_ID2430","FL_ID272","TC_ID462"
"CC_ID2430","FL_ID272","TC_ID4826"
"CC_ID2430","FL_ID272","TC_ID6943"
"CC_ID2159","FL_ID273","TC_ID203"
"CC_ID2159","FL_ID273","TC_ID22737"
"CC_ID2159","FL_ID273","TC_ID9251"
"CC_ID6042","FL_ID274","TC_ID13947"
"CC_ID6042","FL_ID274","TC_ID16258"
"CC_ID6042","FL_ID274","TC_ID7170"
"CC_ID8331","FL_ID275","TC_ID11870"
"CC_ID8331","FL_ID275","TC_ID14304"
"CC_ID8331","FL_ID275","TC_ID17813"
"CC_ID8331","FL_ID275","TC_ID17989"
"CC_ID8331","FL_ID275","TC_ID18518"
"CC_ID8331","FL_ID275","TC_ID19821"
"CC_ID8331","FL_ID275","TC_ID25851"
"CC_ID8331","FL_ID275","TC_ID3831"
"CC_ID8331","FL_ID275","TC_ID6254"
"CC_ID5017","FL_ID277","TC_ID13538"
"CC_ID5017","FL_ID277","TC_ID14297"
"CC_ID5017","FL_ID277","TC_ID16787"
"CC_ID5017","FL_ID277","TC_ID22810"
"CC_ID9639","FL_ID279","TC_ID14150"
"CC_ID9639","FL_ID279","TC_ID20551"
"CC_ID9639","FL_ID279","TC_ID7946"
"CC_ID7061","FL_ID280","TC_ID1007"
"CC_ID6905","FL_ID283","TC_ID13960"
"CC_ID6905","FL_ID283","TC_ID14987"
"CC_ID6905","FL_ID283","TC_ID15412"
"CC_ID6905","FL_ID283","TC_ID18313"
"CC_ID6905","FL_ID283","TC_ID18569"
"CC_ID6905","FL_ID283","TC_ID22249"
"CC_ID6905","FL_ID283","TC_ID23319"
"CC_ID6905","FL_ID283","TC_ID3297"
"CC_ID6905","FL_ID283","TC_ID5229"
"CC_ID6905","FL_ID283","TC_ID8167"
"CC_ID8488","FL_ID284","TC_ID11250"
"CC_ID8488","FL_ID284","TC_ID12167"
"CC_ID8488","FL_ID284","TC_ID21577"
"CC_ID11698","FL_ID285","TC_ID16910"
"CC_ID11698","FL_ID285","TC_ID18487"
"CC_ID11698","FL_ID285","TC_ID23511"
"CC_ID8379","FL_ID286","TC_ID11875"
"CC_ID8379","FL_ID286","TC_ID16469"
"CC_ID8379","FL_ID286","TC_ID23902"
"CC_ID8379","FL_ID286","TC_ID25934"
"CC_ID5676","FL_ID289","TC_ID14425"
"CC_ID12468","FL_ID291","TC_ID12751"
"CC_ID12468","FL_ID291","TC_ID15108"
"CC_ID12468","FL_ID291","TC_ID18731"
"CC_ID5392","FL_ID291","TC_ID10821"
"CC_ID5392","FL_ID291","TC_ID11767"
"CC_ID5392","FL_ID291","TC_ID11786"
"CC_ID5392","FL_ID291","TC_ID12559"
"CC_ID5392","FL_ID291","TC_ID18790"
"CC_ID5392","FL_ID291","TC_ID23650"
"CC_ID5392","FL_ID291","TC_ID6940"
"CC_ID5392","FL_ID291","TC_ID8220"
"CC_ID8502","FL_ID295","TC_ID6276"
"CC_ID943","FL_ID296","TC_ID21510"
"CC_ID943","FL_ID296","TC_ID24954"
"CC_ID943","FL_ID296","TC_ID6410"
"CC_ID2279","FL_ID298","TC_ID1497"
"CC_ID2279","FL_ID298","TC_ID23241"
"CC_ID2279","FL_ID298","TC_ID6396"
"CC_ID2319","FL_ID299","TC_ID10821"
"CC_ID2319","FL_ID299","TC_ID11891"
"CC_ID2319","FL_ID299","TC_ID12670"
"CC_ID2319","FL_ID299","TC_ID16965"
"CC_ID2319","FL_ID299","TC_ID22321"
"CC_ID2319","FL_ID299","TC_ID6728"
"CC_ID2319","FL_ID299","TC_ID9831"
"CC_ID317","FL_ID299","TC_ID11059"
"CC_ID317","FL_ID299","TC_ID11193"
"CC_ID317","FL_ID299","TC_ID2000"
"CC_ID317","FL_ID299","TC_ID7571"
"CC_ID317","FL_ID299","TC_ID9938"
"CC_ID4930","FL_ID300","TC_ID10980"
"CC_ID12086","FL_ID302","TC_ID12949"
"CC_ID12086","FL_ID302","TC_ID19950"
"CC_ID12086","FL_ID302","TC_ID20497"
"CC_ID1474","FL_ID315","TC_ID15518"
"CC_ID1474","FL_ID315","TC_ID23148"
"CC_ID1474","FL_ID315","TC_ID4561"
"CC_ID4939","FL_ID322","TC_ID12273"
"CC_ID4939","FL_ID322","TC_ID13676"
"CC_ID4939","FL_ID322","TC_ID15309"
"CC_ID4939","FL_ID322","TC_ID15685"
"CC_ID4939","FL_ID322","TC_ID18662"
"CC_ID4939","FL_ID322","TC_ID22207"
"CC_ID4939","FL_ID322","TC_ID22557"
"CC_ID4939","FL_ID322","TC_ID23790"
"CC_ID4939","FL_ID322","TC_ID24967"
"CC_ID4939","FL_ID322","TC_ID6204"
"CC_ID12774","FL_ID323","TC_ID164"
"CC_ID12774","FL_ID323","TC_ID4624"
"CC_ID12774","FL_ID323","TC_ID9545"
"CC_ID7624","FL_ID327","TC_ID16856"
"CC_ID7624","FL_ID327","TC_ID17238"
"CC_ID7624","FL_ID327","TC_ID18828"
"CC_ID7624","FL_ID327","TC_ID24425"
"CC_ID7624","FL_ID327","TC_ID2608"
"CC_ID11684","FL_ID328","TC_ID12178"
"CC_ID11684","FL_ID328","TC_ID14301"
"CC_ID11684","FL_ID328","TC_ID16254"
"CC_ID11684","FL_ID328","TC_ID16800"
"CC_ID11684","FL_ID328","TC_ID21689"
"CC_ID11684","FL_ID328","TC_ID24640"
"CC_ID11684","FL_ID328","TC_ID24819"
"CC_ID2303","FL_ID328","TC_ID14822"
"CC_ID2303","FL_ID328","TC_ID24127"
"CC_ID2303","FL_ID328","TC_ID8738"
"CC_ID4780","FL_ID331","TC_ID13870"
"CC_ID6608","FL_ID341","TC_ID10145"
"CC_ID6608","FL_ID341","TC_ID117"
"CC_ID6608","FL_ID341","TC_ID12305"
"CC_ID6608","FL_ID341","TC_ID12776"
"CC_ID6608","FL_ID341","TC_ID14622"
"CC_ID6608","FL_ID341","TC_ID19829"
"CC_ID6608","FL_ID341","TC_ID21967"
"CC_ID6608","FL_ID341","TC_ID4176"
"CC_ID6608","FL_ID341","TC_ID5590"
"CC_ID6608","FL_ID341","TC_ID9060"
"CC_ID10184","FL_ID343","TC_ID23771"
"CC_ID5466","FL_ID343","TC_ID22226"
"CC_ID5466","FL_ID343","TC_ID22229"
"CC_ID5466","FL_ID343","TC_ID3159"
"CC_ID5466","FL_ID343","TC_ID775"
"CC_ID5466","FL_ID343","TC_ID8453"
"CC_ID3974","FL_ID346","TC_ID1221"
"CC_ID3974","FL_ID346","TC_ID18761"
"CC_ID3974","FL_ID346","TC_ID23433"
"CC_ID3974","FL_ID346","TC_ID5308"
"CC_ID11991","FL_ID349","TC_ID10176"
"CC_ID11991","FL_ID349","TC_ID11804"
"CC_ID11991","FL_ID349","TC_ID20643"
"CC_ID3257","FL_ID351","TC_ID10308"
"CC_ID3257","FL_ID351","TC_ID18586"
"CC_ID3257","FL_ID351","TC_ID20695"
"CC_ID3257","FL_ID351","TC_ID22089"
"CC_ID3257","FL_ID351","TC_ID24517"
"CC_ID3257","FL_ID351","TC_ID24680"
"CC_ID3257","FL_ID351","TC_ID2775"
"CC_ID3257","FL_ID351","TC_ID670"
"CC_ID10283","FL_ID352","TC_ID16088"
"CC_ID7015","FL_ID353","TC_ID11666"
"CC_ID7015","FL_ID353","TC_ID5080"
"CC_ID7015","FL_ID353","TC_ID5950"
"CC_ID9553","FL_ID353","TC_ID3590"
"CC_ID6381","FL_ID356","TC_ID20606"
"CC_ID7446","FL_ID358","TC_ID13132"
"CC_ID7446","FL_ID358","TC_ID20282"
"CC_ID7446","FL_ID358","TC_ID2288"
"CC_ID9962","FL_ID360","TC_ID21822"
"CC_ID9962","FL_ID360","TC_ID4255"
"CC_ID9962","FL_ID360","TC_ID897"
"CC_ID2803","FL_ID363","TC_ID12755"
"CC_ID5002","FL_ID363","TC_ID21503"
"CC_ID5002","FL_ID363","TC_ID24539"
"CC_ID5002","FL_ID363","TC_ID5008"
"CC_ID5002","FL_ID363","TC_ID8926"
"CC_ID1407","FL_ID366","TC_ID1105"
"CC_ID1407","FL_ID366","TC_ID11187"
"CC_ID1407","FL_ID366","TC_ID16222"
"CC_ID1407","FL_ID366","TC_ID19"
"CC_ID1407","FL_ID366","TC_ID20609"
"CC_ID1407","FL_ID366","TC_ID2153"
"CC_ID1407","FL_ID366","TC_ID6064"
"CC_ID1407","FL_ID366","TC_ID7242"
"CC_ID10086","FL_ID368","TC_ID13536"
"CC_ID10086","FL_ID368","TC_ID21996"
"CC_ID10086","FL_ID368","TC_ID8747"
"CC_ID5588","FL_ID369","TC_ID10453"
"CC_ID5588","FL_ID369","TC_ID16692"
"CC_ID5588","FL_ID369","TC_ID24473"
"CC_ID5588","FL_ID369","TC_ID2596"
"CC_ID3424","FL_ID374","TC_ID9729"
"CC_ID12041","FL_ID375","TC_ID4004"
"CC_ID10439","FL_ID376","TC_ID16333"
"CC_ID10439","FL_ID376","TC_ID16784"
"CC_ID10439","FL_ID376","TC_ID17617"
"CC_ID10439","FL_ID376","TC_ID18953"
"CC_ID10439","FL_ID376","TC_ID19018"
"CC_ID10439","FL_ID376","TC_ID19292"
"CC_ID10439","FL_ID376","TC_ID2951"
"CC_ID10439","FL_ID376","TC_ID3507"
"CC_ID9983","FL_ID376","TC_ID16164"
"CC_ID9983","FL_ID376","TC_ID19887"
"CC_ID1077","FL_ID377","TC_ID14756"
"CC_ID1077","FL_ID377","TC_ID22427"
"CC_ID1077","FL_ID377","TC_ID25595"
"CC_ID266","FL_ID377","TC_ID16877"
"CC_ID266","FL_ID377","TC_ID4770"
"CC_ID266","FL_ID377","TC_ID5628"
"CC_ID12835","FL_ID379","TC_ID19822"
"CC_ID12835","FL_ID379","TC_ID9904"
"CC_ID844","FL_ID381","TC_ID10339"
"CC_ID844","FL_ID381","TC_ID11393"
"CC_ID844","FL_ID381","TC_ID21673"
"CC_ID844","FL_ID381","TC_ID25164"
"CC_ID3359","FL_ID382","TC_ID7575"
"CC_ID2749","FL_ID384","TC_ID13065"
"CC_ID2749","FL_ID384","TC_ID22958"
"CC_ID2749","FL_ID384","TC_ID9648"
"CC_ID9712","FL_ID385","TC_ID1377"
"CC_ID9712","FL_ID385","TC_ID14166"
"CC_ID5365","FL_ID387","TC_ID10247"
"CC_ID5365","FL_ID387","TC_ID14679"
"CC_ID5365","FL_ID387","TC_ID14912"
"CC_ID5365","FL_ID387","TC_ID19455"
"CC_ID5365","FL_ID387","TC_ID1948"
"CC_ID5365","FL_ID387","TC_ID21220"
"CC_ID5365","FL_ID387","TC_ID21372"
"CC_ID5365","FL_ID387","TC_ID25817"
"CC_ID5365","FL_ID387","TC_ID6299"
"CC_ID5365","FL_ID387","TC_ID8965"
"CC_ID9687","FL_ID388","TC_ID15442"
"CC_ID9687","FL_ID388","TC_ID5582"
"CC_ID9687","FL_ID388","TC_ID6693"
"CC_ID11576","FL_ID392","TC_ID12332"
"CC_ID11576","FL_ID392","TC_ID13005"
"CC_ID11576","FL_ID392","TC_ID1480"
"CC_ID11576","FL_ID392","TC_ID1943"
"CC_ID11576","FL_ID392","TC_ID22243"
"CC_ID3447","FL_ID392","TC_ID17213"
"CC_ID3447","FL_ID392","TC_ID25868"
"CC_ID5588","FL_ID394","TC_ID10453"
"CC_ID5588","FL_ID394","TC_ID16692"
"CC_ID5588","FL_ID394","TC_ID24473"
"CC_ID5588","FL_ID394","TC_ID2596"
"CC_ID9146","FL_ID397","TC_ID15107"
"CC_ID9146","FL_ID397","TC_ID17443"
"CC_ID9146","FL_ID397","TC_ID21298"
"CC_ID12396","FL_ID398","TC_ID21622"
"CC_ID12396","FL_ID398","TC_ID25014"
"CC_ID12396","FL_ID398","TC_ID7510"
"CC_ID12396","FL_ID398","TC_ID8154"
"CC_ID12396","FL_ID398","TC_ID8198"
"CC_ID943","FL_ID398","TC_ID21510"
"CC_ID943","FL_ID398","TC_ID24954"
"CC_ID943","FL_ID398","TC_ID6410"
"CC_ID12086","FL_ID402","TC_ID12949"
"CC_ID12086","FL_ID402","TC_ID19950"
"CC_ID12086","FL_ID402","TC_ID20497"
"CC_ID12237","FL_ID403","TC_ID13539"
"CC_ID12237","FL_ID403","TC_ID5024"
"CC_ID12237","FL_ID403","TC_ID7679"
"CC_ID534","FL_ID405","TC_ID10483"
"CC_ID534","FL_ID405","TC_ID1398"
"CC_ID1683","FL_ID407","TC_ID20772"
"CC_ID1683","FL_ID407","TC_ID25566"
"CC_ID1683","FL_ID407","TC_ID5876"
"CC_ID316","FL_ID408","TC_ID17542"
"CC_ID316","FL_ID408","TC_ID19293"
"CC_ID316","FL_ID408","TC_ID24056"
"CC_ID316","FL_ID408","TC_ID25683"
"CC_ID316","FL_ID408","TC_ID4564"
"CC_ID316","FL_ID408","TC_ID4975"
"CC_ID316","FL_ID408","TC_ID6413"
"CC_ID316","FL_ID408","TC_ID9871"
"CC_ID8358","FL_ID410","TC_ID1652"
"CC_ID8358","FL_ID410","TC_ID25197"
"CC_ID8358","FL_ID410","TC_ID754"
"CC_ID2598","FL_ID412","TC_ID10366"
"CC_ID2598","FL_ID412","TC_ID1421"
"CC_ID2598","FL_ID412","TC_ID25579"
"CC_ID10760","FL_ID413","TC_ID10414"
"CC_ID8258","FL_ID414","TC_ID10888"
"CC_ID11857","FL_ID415","TC_ID6785"
"CC_ID3359","FL_ID417","TC_ID7575"
"CC_ID12752","FL_ID418","TC_ID10424"
"CC_ID12752","FL_ID418","TC_ID13220"
"CC_ID12752","FL_ID418","TC_ID15864"
"CC_ID12752","FL_ID418","TC_ID20148"
"CC_ID12752","FL_ID418","TC_ID21330"
"CC_ID12752","FL_ID418","TC_ID21642"
"CC_ID12752","FL_ID418","TC_ID2589"
"CC_ID12752","FL_ID418","TC_ID4588"
"CC_ID12752","FL_ID418","TC_ID6353"
"CC_ID5231","FL_ID418","TC_ID12657"
"CC_ID5288","FL_ID419","TC_ID23345"
"CC_ID5288","FL_ID419","TC_ID24674"
"CC_ID5288","FL_ID419","TC_ID25821"
"CC_ID4059","FL_ID423","TC_ID5408"
"CC_ID11721","FL_ID424","TC_ID11727"
"CC_ID11721","FL_ID424","TC_ID1245"
"CC_ID11721","FL_ID424","TC_ID12478"
"CC_ID11721","FL_ID424","TC_ID14066"
"CC_ID11721","FL_ID424","TC_ID14113"
"CC_ID11721","FL_ID424","TC_ID2063"
"CC_ID11721","FL_ID424","TC_ID24918"
"CC_ID11721","FL_ID424","TC_ID5805"
"CC_ID2976","FL_ID425","TC_ID21118"
"CC_ID2976","FL_ID425","TC_ID22124"
"CC_ID2976","FL_ID425","TC_ID7155"
"CC_ID2976","FL_ID425","TC_ID8582"
"CC_ID5064","FL_ID425","TC_ID20290"
"CC_ID5064","FL_ID425","TC_ID7150"
"CC_ID5064","FL_ID425","TC_ID7468"
"CC_ID10320","FL_ID426","TC_ID25658"
"CC_ID9807","FL_ID427","TC_ID18195"
"CC_ID9807","FL_ID427","TC_ID4437"
"CC_ID9807","FL_ID427","TC_ID9628"
"CC_ID5334","FL_ID435","TC_ID16105"
"CC_ID5334","FL_ID435","TC_ID25519"
"CC_ID5334","FL_ID435","TC_ID4378"
"CC_ID5334","FL_ID435","TC_ID6382"
"CC_ID6042","FL_ID436","TC_ID13947"
"CC_ID6042","FL_ID436","TC_ID16258"
"CC_ID6042","FL_ID436","TC_ID7170"
"CC_ID7226","FL_ID436","TC_ID12391"
"CC_ID7226","FL_ID436","TC_ID22026"
"CC_ID7226","FL_ID436","TC_ID9759"
"CC_ID12075","FL_ID438","TC_ID11241"
"CC_ID12075","FL_ID438","TC_ID11320"
"CC_ID12075","FL_ID438","TC_ID12285"
"CC_ID12075","FL_ID438","TC_ID15817"
"CC_ID12075","FL_ID438","TC_ID16645"
"CC_ID12075","FL_ID438","TC_ID19300"
"CC_ID12075","FL_ID438","TC_ID20574"
"CC_ID12075","FL_ID438","TC_ID25552"
"CC_ID12075","FL_ID438","TC_ID6909"
"CC_ID4698","FL_ID439","TC_ID12566"
"CC_ID4698","FL_ID439","TC_ID14790"
"CC_ID4698","FL_ID439","TC_ID16228"
"CC_ID8855","FL_ID439","TC_ID11125"
"CC_ID8855","FL_ID439","TC_ID20307"
"CC_ID8855","FL_ID439","TC_ID7839"
"CC_ID8855","FL_ID439","TC_ID8730"
"CC_ID514","FL_ID441","TC_ID18836"
"CC_ID514","FL_ID441","TC_ID21232"
"CC_ID514","FL_ID441","TC_ID3789"
"CC_ID514","FL_ID441","TC_ID454"
"CC_ID514","FL_ID441","TC_ID8436"
"CC_ID910","FL_ID441","TC_ID17456"
"CC_ID910","FL_ID441","TC_ID25966"
"CC_ID11854","FL_ID442","TC_ID25781"
"CC_ID11854","FL_ID442","TC_ID25969"
"CC_ID12869","FL_ID442","TC_ID20033"
"CC_ID12869","FL_ID442","TC_ID22297"
"CC_ID5156","FL_ID442","TC_ID10034"
"CC_ID5156","FL_ID442","TC_ID11862"
"CC_ID5156","FL_ID442","TC_ID13169"
"CC_ID5156","FL_ID442","TC_ID20526"
"CC_ID8683","FL_ID442","TC_ID12156"
"CC_ID8683","FL_ID442","TC_ID14496"
"CC_ID8683","FL_ID442","TC_ID19414"
"CC_ID11678","FL_ID448","TC_ID12478"
"CC_ID11678","FL_ID448","TC_ID17409"
"CC_ID11678","FL_ID448","TC_ID5147"
"CC_ID11611","FL_ID449","TC_ID11377"
"CC_ID4669","FL_ID449","TC_ID10701"
"CC_ID4669","FL_ID449","TC_ID12029"
"CC_ID12085","FL_ID450","TC_ID14386"
"CC_ID12085","FL_ID450","TC_ID17992"
"CC_ID12085","FL_ID450","TC_ID8923"
"CC_ID7011","FL_ID450","TC_ID8070"
"CC_ID3797","FL_ID454","TC_ID17368"
"CC_ID3797","FL_ID454","TC_ID21597"
"CC_ID3797","FL_ID454","TC_ID22812"
"CC_ID3797","FL_ID454","TC_ID4212"
"CC_ID3797","FL_ID454","TC_ID6014"
"CC_ID3987","FL_ID457","TC_ID11104"
"CC_ID3987","FL_ID457","TC_ID11846"
"CC_ID3987","FL_ID457","TC_ID15095"
"CC_ID3987","FL_ID457","TC_ID16800"
"CC_ID3987","FL_ID457","TC_ID23842"
"CC_ID3987","FL_ID457","TC_ID5255"
"CC_ID3987","FL_ID457","TC_ID6634"
"CC_ID3987","FL_ID457","TC_ID7598"
"CC_ID8901","FL_ID460","TC_ID12927"
"CC_ID8901","FL_ID460","TC_ID2628"
"CC_ID8901","FL_ID460","TC_ID4216"
"CC_ID8901","FL_ID460","TC_ID8238"
"CC_ID8901","FL_ID460","TC_ID981"
"CC_ID11761","FL_ID462","TC_ID14608"
"CC_ID11761","FL_ID462","TC_ID21593"
"CC_ID11761","FL_ID462","TC_ID8864"
"CC_ID10439","FL_ID463","TC_ID16333"
"CC_ID10439","FL_ID463","TC_ID16784"
"CC_ID10439","FL_ID463","TC_ID17617"
"CC_ID10439","FL_ID463","TC_ID18953"
"CC_ID10439","FL_ID463","TC_ID19018"
"CC_ID10439","FL_ID463","TC_ID19292"
"CC_ID10439","FL_ID463","TC_ID2951"
"CC_ID10439","FL_ID463","TC_ID3507"
"CC_ID827","FL_ID464","TC_ID1263"
"CC_ID827","FL_ID464","TC_ID13874"
"CC_ID827","FL_ID464","TC_ID18274"
"CC_ID827","FL_ID464","TC_ID20697"
"CC_ID10075","FL_ID466","TC_ID10681"
"CC_ID10075","FL_ID466","TC_ID11339"
"CC_ID10075","FL_ID466","TC_ID15018"
"CC_ID10075","FL_ID466","TC_ID17774"
"CC_ID10075","FL_ID466","TC_ID18346"
"CC_ID10075","FL_ID466","TC_ID21602"
"CC_ID10075","FL_ID466","TC_ID301"
"CC_ID10075","FL_ID466","TC_ID7227"
"CC_ID10075","FL_ID466","TC_ID7311"
"CC_ID11425","FL_ID470","TC_ID21889"
"CC_ID6620","FL_ID473","TC_ID10307"
"CC_ID6620","FL_ID473","TC_ID7756"
"CC_ID6620","FL_ID473","TC_ID7788"
"CC_ID5452","FL_ID475","TC_ID1722"
"CC_ID5452","FL_ID475","TC_ID24753"
"CC_ID8288","FL_ID476","TC_ID10185"
"CC_ID8288","FL_ID476","TC_ID18159"
"CC_ID8288","FL_ID476","TC_ID813"
"CC_ID4543","FL_ID485","TC_ID16124"
"CC_ID4543","FL_ID485","TC_ID2753"
"CC_ID4543","FL_ID485","TC_ID277"
"CC_ID1354","FL_ID487","TC_ID1313"
"CC_ID1354","FL_ID487","TC_ID15431"
"CC_ID1354","FL_ID487","TC_ID22494"
"CC_ID1354","FL_ID487","TC_ID2549"
"CC_ID2882","FL_ID487","TC_ID16454"
"CC_ID12715","FL_ID490","TC_ID10690"
"CC_ID12715","FL_ID490","TC_ID11315"
"CC_ID12715","FL_ID490","TC_ID15776"
"CC_ID12715","FL_ID490","TC_ID20615"
"CC_ID12715","FL_ID490","TC_ID2308"
"CC_ID6363","FL_ID492","TC_ID11716"
"CC_ID6363","FL_ID492","TC_ID24479"
"CC_ID6564","FL_ID493","TC_ID18711"
"CC_ID6564","FL_ID493","TC_ID20641"
"CC_ID6564","FL_ID493","TC_ID23516"
"CC_ID6564","FL_ID493","TC_ID6590"
"CC_ID9962","FL_ID493","TC_ID21822"
"CC_ID9962","FL_ID493","TC_ID4255"
"CC_ID9962","FL_ID493","TC_ID897"
"CC_ID7913","FL_ID494","TC_ID10450"
"CC_ID7913","FL_ID494","TC_ID14038"
"CC_ID7913","FL_ID494","TC_ID15138"
"CC_ID4379","FL_ID495","TC_ID23002"
"CC_ID9620","FL_ID497","TC_ID25546"
"CC_ID9620","FL_ID497","TC_ID3125"
"CC_ID9620","FL_ID497","TC_ID5133"
"CC_ID11698","FL_ID499","TC_ID16910"
"CC_ID11698","FL_ID499","TC_ID18487"
"CC_ID11698","FL_ID499","TC_ID23511"
"CC_ID5288","FL_ID499","TC_ID23345"
"CC_ID5288","FL_ID499","TC_ID24674"
"CC_ID5288","FL_ID499","TC_ID25821"
"CC_ID10394","FL_ID507","TC_ID13114"
"CC_ID1125","FL_ID512","TC_ID15424"
"CC_ID1125","FL_ID512","TC_ID954"
"CC_ID2780","FL_ID512","TC_ID14412"
"CC_ID2780","FL_ID512","TC_ID22667"
"CC_ID2780","FL_ID512","TC_ID24034"
"CC_ID2780","FL_ID512","TC_ID8400"
"CC_ID11401","FL_ID514","TC_ID1480"
"CC_ID11401","FL_ID514","TC_ID4146"
"CC_ID11401","FL_ID514","TC_ID5836"
"CC_ID3437","FL_ID514","TC_ID13240"
"CC_ID3437","FL_ID514","TC_ID14801"
"CC_ID3437","FL_ID514","TC_ID25827"
"CC_ID12697","FL_ID515","TC_ID11033"
"CC_ID12697","FL_ID515","TC_ID11724"
"CC_ID12697","FL_ID515","TC_ID11901"
"CC_ID12697","FL_ID515","TC_ID13729"
"CC_ID12697","FL_ID515","TC_ID13864"
"CC_ID12697","FL_ID515","TC_ID15613"
"CC_ID12697","FL_ID515","TC_ID22453"
"CC_ID12697","FL_ID515","TC_ID4051"
"CC_ID12697","FL_ID515","TC_ID9628"
"CC_ID2052","FL_ID519","TC_ID11040"
"CC_ID1719","FL_ID520","TC_ID8048"
"CC_ID2859","FL_ID520","TC_ID19132"
"CC_ID2859","FL_ID520","TC_ID19239"
"CC_ID6564","FL_ID522","TC_ID18711"
"CC_ID6564","FL_ID522","TC_ID20641"
"CC_ID6564","FL_ID522","TC_ID23516"
"CC_ID6564","FL_ID522","TC_ID6590"
"CC_ID8406","FL_ID524","TC_ID13469"
"CC_ID8406","FL_ID524","TC_ID3525"
"CC_ID8406","FL_ID524","TC_ID7979"
"CC_ID11169","FL_ID525","TC_ID2195"
"CC_ID3783","FL_ID526","TC_ID10346"
"CC_ID3783","FL_ID526","TC_ID11164"
"CC_ID3783","FL_ID526","TC_ID12643"
"CC_ID3783","FL_ID526","TC_ID17748"
"CC_ID3783","FL_ID526","TC_ID6234"
"CC_ID3783","FL_ID526","TC_ID6347"
"CC_ID3783","FL_ID526","TC_ID6673"
"CC_ID7145","FL_ID526","TC_ID16813"
"CC_ID7145","FL_ID526","TC_ID187"
"CC_ID7145","FL_ID526","TC_ID4700"
"CC_ID7833","FL_ID527","TC_ID23458"
"CC_ID12171","FL_ID528","TC_ID20134"
"CC_ID12171","FL_ID528","TC_ID4066"
"CC_ID12171","FL_ID528","TC_ID8838"
"CC_ID1802","FL_ID531","TC_ID16404"
"CC_ID1802","FL_ID531","TC_ID7321"
"CC_ID11602","FL_ID532","TC_ID19447"
"CC_ID899","FL_ID534","TC_ID10429"
"CC_ID899","FL_ID534","TC_ID510"
"CC_ID10622","FL_ID535","TC_ID13155"
"CC_ID10622","FL_ID535","TC_ID4856"
"CC_ID3296","FL_ID535","TC_ID17203"
"CC_ID3296","FL_ID535","TC_ID2349"
"CC_ID9520","FL_ID535","TC_ID24117"
"CC_ID6979","FL_ID537","TC_ID23558"
"CC_ID6979","FL_ID537","TC_ID3241"
"CC_ID6979","FL_ID537","TC_ID4319"
"CC_ID6979","FL_ID537","TC_ID5211"
"CC_ID6979","FL_ID537","TC_ID9076"
"CC_ID10541","FL_ID538","TC_ID8403"
"CC_ID10541","FL_ID538","TC_ID8712"
"CC_ID10541","FL_ID538","TC_ID9904"
"CC_ID10538","FL_ID539","TC_ID18653"
"CC_ID10538","FL_ID539","TC_ID22982"
"CC_ID10538","FL_ID539","TC_ID3884"
"CC_ID11734","FL_ID541","TC_ID11646"
"CC_ID11734","FL_ID541","TC_ID13517"
"CC_ID11734","FL_ID541","TC_ID21186"
"CC_ID10760","FL_ID545","TC_ID10414"
"CC_ID11384","FL_ID548","TC_ID10284"
"CC_ID11384","FL_ID548","TC_ID13487"
"CC_ID11384","FL_ID548","TC_ID14531"
"CC_ID11384","FL_ID548","TC_ID18474"
"CC_ID11384","FL_ID548","TC_ID18753"
"CC_ID11384","FL_ID548","TC_ID21437"
"CC_ID11384","FL_ID548","TC_ID21922"
"CC_ID11384","FL_ID548","TC_ID24189"
"CC_ID11384","FL_ID548","TC_ID688"
"CC_ID6199","FL_ID549","TC_ID1141"
"CC_ID6712","FL_ID550","TC_ID12314"
"CC_ID6712","FL_ID550","TC_ID12532"
"CC_ID6712","FL_ID550","TC_ID17563"
"CC_ID6712","FL_ID550","TC_ID20022"
"CC_ID6712","FL_ID550","TC_ID22574"
"CC_ID6712","FL_ID550","TC_ID4587"
"CC_ID6712","FL_ID550","TC_ID5353"
"CC_ID6712","FL_ID550","TC_ID7828"
"CC_ID6712","FL_ID550","TC_ID7869"
"CC_ID6712","FL_ID550","TC_ID8169"
"CC_ID8156","FL_ID552","TC_ID16565"
"CC_ID8156","FL_ID552","TC_ID21491"
"CC_ID5616","FL_ID556","TC_ID14712"
"CC_ID5616","FL_ID556","TC_ID15617"
"CC_ID3106","FL_ID558","TC_ID13544"
"CC_ID1911","FL_ID561","TC_ID20350"
"CC_ID1911","FL_ID561","TC_ID8616"
"CC_ID1911","FL_ID561","TC_ID8622"
"CC_ID4935","FL_ID561","TC_ID10129"
"CC_ID4935","FL_ID561","TC_ID13743"
"CC_ID4935","FL_ID561","TC_ID17405"
"CC_ID4935","FL_ID561","TC_ID20240"
"CC_ID4935","FL_ID561","TC_ID24319"
"CC_ID4935","FL_ID561","TC_ID25373"
"CC_ID4935","FL_ID561","TC_ID2852"
"CC_ID4935","FL_ID561","TC_ID5373"
"CC_ID4935","FL_ID561","TC_ID9078"
"CC_ID10065","FL_ID562","TC_ID13227"
"CC_ID6424","FL_ID563","TC_ID11624"
"CC_ID6424","FL_ID563","TC_ID11943"
"CC_ID6424","FL_ID563","TC_ID20320"
"CC_ID6424","FL_ID563","TC_ID6192"
"CC_ID6424","FL_ID563","TC_ID7"
"CC_ID8258","FL_ID564","TC_ID10888"
"CC_ID4702","FL_ID571","TC_ID12363"
"CC_ID4702","FL_ID571","TC_ID23006"
"CC_ID4702","FL_ID571","TC_ID4845"
"CC_ID12086","FL_ID572","TC_ID12949"
"CC_ID12086","FL_ID572","TC_ID19950"
"CC_ID12086","FL_ID572","TC_ID20497"
"CC_ID3247","FL_ID573","TC_ID11950"
"CC_ID3247","FL_ID573","TC_ID18484"
"CC_ID3247","FL_ID573","TC_ID19077"
"CC_ID3247","FL_ID573","TC_ID19936"
"CC_ID3247","FL_ID573","TC_ID22998"
"CC_ID3247","FL_ID573","TC_ID24340"
"CC_ID3247","FL_ID573","TC_ID3112"
"CC_ID3247","FL_ID573","TC_ID4565"
"CC_ID12998","FL_ID575","TC_ID11861"
"CC_ID12998","FL_ID575","TC_ID22042"
"CC_ID3299","FL_ID575","TC_ID16239"
"CC_ID3299","FL_ID575","TC_ID19507"
"CC_ID3299","FL_ID575","TC_ID1972"
"CC_ID3299","FL_ID575","TC_ID9581"
"CC_ID12434","FL_ID576","TC_ID1031"
"CC_ID12434","FL_ID576","TC_ID22434"
"CC_ID12434","FL_ID576","TC_ID23374"
"CC_ID12434","FL_ID576","TC_ID6864"
"CC_ID9586","FL_ID576","TC_ID10582"
"CC_ID9586","FL_ID576","TC_ID15184"
"CC_ID9586","FL_ID576","TC_ID16416"
"CC_ID9586","FL_ID576","TC_ID18496"
"CC_ID9586","FL_ID576","TC_ID1856"
"CC_ID9586","FL_ID576","TC_ID22792"
"CC_ID9586","FL_ID576","TC_ID3104"
"CC_ID9586","FL_ID576","TC_ID4152"
"CC_ID9586","FL_ID576","TC_ID6808"
"CC_ID4364","FL_ID577","TC_ID15481"
"CC_ID4364","FL_ID577","TC_ID24180"
"CC_ID4364","FL_ID577","TC_ID327"
"CC_ID4364","FL_ID577","TC_ID7308"
"CC_ID4364","FL_ID577","TC_ID7490"
"CC_ID6823","FL_ID577","TC_ID15302"
"CC_ID6823","FL_ID577","TC_ID15782"
"CC_ID6823","FL_ID577","TC_ID24778"
"CC_ID6823","FL_ID577","TC_ID8734"
"CC_ID4449","FL_ID578","TC_ID11729"
"CC_ID908","FL_ID579","TC_ID20457"
"CC_ID908","FL_ID579","TC_ID7162"
"CC_ID908","FL_ID579","TC_ID8637"
"CC_ID9546","FL_ID586","TC_ID12002"
"CC_ID9546","FL_ID586","TC_ID25811"
"CC_ID9546","FL_ID586","TC_ID5112"
"CC_ID9983","FL_ID588","TC_ID16164"
"CC_ID9983","FL_ID588","TC_ID19887"
"CC_ID12566","FL_ID594","TC_ID10849"
"CC_ID12566","FL_ID594","TC_ID3098"
"CC_ID8071","FL_ID595","TC_ID1127"
"CC_ID8071","FL_ID595","TC_ID17590"
"CC_ID8071","FL_ID595","TC_ID20376"
"CC_ID8071","FL_ID595","TC_ID22571"
"CC_ID8071","FL_ID595","TC_ID23971"
"CC_ID8071","FL_ID595","TC_ID24744"
"CC_ID8071","FL_ID595","TC_ID325"
"CC_ID8071","FL_ID595","TC_ID4788"
"CC_ID8071","FL_ID595","TC_ID6944"
"CC_ID8071","FL_ID595","TC_ID9987"
"CC_ID6862","FL_ID596","TC_ID10182"
"CC_ID9521","FL_ID596","TC_ID13123"
"CC_ID9521","FL_ID596","TC_ID16014"
"CC_ID9521","FL_ID596","TC_ID9663"
"CC_ID10320","FL_ID597","TC_ID25658"
"CC_ID6867","FL_ID598","TC_ID17499"
"CC_ID6867","FL_ID598","TC_ID18447"
"CC_ID6867","FL_ID598","TC_ID19608"
"CC_ID6867","FL_ID598","TC_ID20553"
"CC_ID6867","FL_ID598","TC_ID2454"
"CC_ID6867","FL_ID598","TC_ID3330"
"CC_ID6867","FL_ID598","TC_ID6194"
"CC_ID6867","FL_ID598","TC_ID7659"
"CC_ID6867","FL_ID598","TC_ID9239"
"CC_ID6867","FL_ID598","TC_ID9604"
"CC_ID12478","FL_ID599","TC_ID12543"
"CC_ID12478","FL_ID599","TC_ID15196"
"CC_ID6460","FL_ID600","TC_ID11940"
"CC_ID6460","FL_ID600","TC_ID18554"
"CC_ID6460","FL_ID600","TC_ID2461"
"CC_ID2808","FL_ID602","TC_ID1758"
"CC_ID2808","FL_ID602","TC_ID22091"
"CC_ID2808","FL_ID602","TC_ID263"
"CC_ID2808","FL_ID602","TC_ID8846"
"CC_ID2808","FL_ID602","TC_ID9346"
"CC_ID574","FL_ID603","TC_ID20806"
"CC_ID574","FL_ID603","TC_ID2172"
"CC_ID574","FL_ID603","TC_ID6542"
"CC_ID9721","FL_ID603","TC_ID629"
"CC_ID11294","FL_ID604","TC_ID13960"
"CC_ID11294","FL_ID604","TC_ID16334"
"CC_ID11294","FL_ID604","TC_ID16913"
"CC_ID11294","FL_ID604","TC_ID19442"
"CC_ID11294","FL_ID604","TC_ID327"
"CC_ID11294","FL_ID604","TC_ID5070"
"CC_ID11294","FL_ID604","TC_ID5491"
"CC_ID3021","FL_ID604","TC_ID21232"
"CC_ID3021","FL_ID604","TC_ID24777"
"CC_ID3021","FL_ID604","TC_ID4669"
"CC_ID4714","FL_ID604","TC_ID166"
"CC_ID4714","FL_ID604","TC_ID6256"
"CC_ID3749","FL_ID606","TC_ID1728"
"CC_ID8901","FL_ID606","TC_ID12927"
"CC_ID8901","FL_ID606","TC_ID2628"
"CC_ID8901","FL_ID606","TC_ID4216"
"CC_ID8901","FL_ID606","TC_ID8238"
"CC_ID8901","FL_ID606","TC_ID981"
"CC_ID664","FL_ID607","TC_ID1185"
"CC_ID664","FL_ID607","TC_ID19867"
"CC_ID664","FL_ID607","TC_ID21048"
"CC_ID10217","FL_ID608","TC_ID13123"
"CC_ID10217","FL_ID608","TC_ID15940"
"CC_ID10217","FL_ID608","TC_ID24321"
"CC_ID10217","FL_ID608","TC_ID4390"
"CC_ID11169","FL_ID608","TC_ID2195"
"CC_ID417","FL_ID609","TC_ID11630"
"CC_ID417","FL_ID609","TC_ID14637"
"CC_ID417","FL_ID609","TC_ID16617"
"CC_ID417","FL_ID609","TC_ID18172"
"CC_ID417","FL_ID609","TC_ID21753"
"CC_ID7960","FL_ID609","TC_ID11"
"CC_ID7960","FL_ID609","TC_ID16285"
"CC_ID7960","FL_ID609","TC_ID17491"
"CC_ID7960","FL_ID609","TC_ID7091"
"CC_ID644","FL_ID610","TC_ID14175"
"CC_ID644","FL_ID610","TC_ID17532"
"CC_ID644","FL_ID610","TC_ID5868"
"CC_ID644","FL_ID610","TC_ID6340"
"CC_ID4298","FL_ID612","TC_ID9572"
"CC_ID2576","FL_ID618","TC_ID9911"
"CC_ID4618","FL_ID619","TC_ID17676"
"CC_ID4618","FL_ID619","TC_ID22856"
"CC_ID8474","FL_ID619","TC_ID1290"
"CC_ID8474","FL_ID619","TC_ID19161"
"CC_ID8474","FL_ID619","TC_ID19888"
"CC_ID4607","FL_ID623","TC_ID1"
"CC_ID4607","FL_ID623","TC_ID10806"
"CC_ID4607","FL_ID623","TC_ID13496"
"CC_ID4607","FL_ID623","TC_ID13928"
"CC_ID4607","FL_ID623","TC_ID16121"
"CC_ID4607","FL_ID623","TC_ID21235"
"CC_ID4607","FL_ID623","TC_ID21428"
"CC_ID4607","FL_ID623","TC_ID24047"
"CC_ID4607","FL_ID623","TC_ID2797"
"CC_ID4607","FL_ID623","TC_ID5249"
"CC_ID11095","FL_ID626","TC_ID11527"
"CC_ID9708","FL_ID628","TC_ID13000"
"CC_ID9708","FL_ID628","TC_ID13909"
"CC_ID9708","FL_ID628","TC_ID21212"
"CC_ID3625","FL_ID631","TC_ID20186"
"CC_ID3625","FL_ID631","TC_ID25921"
"CC_ID3625","FL_ID631","TC_ID7770"
"CC_ID5687","FL_ID634","TC_ID105"
"CC_ID5687","FL_ID634","TC_ID13257"
"CC_ID5687","FL_ID634","TC_ID24029"
"CC_ID5687","FL_ID634","TC_ID8263"
"CC_ID7027","FL_ID635","TC_ID12414"
"CC_ID7652","FL_ID635","TC_ID10730"
"CC_ID7652","FL_ID635","TC_ID14654"
"CC_ID7652","FL_ID635","TC_ID14834"
"CC_ID7652","FL_ID635","TC_ID1823"
"CC_ID7652","FL_ID635","TC_ID22754"
"CC_ID7652","FL_ID635","TC_ID25295"
"CC_ID7652","FL_ID635","TC_ID8085"
"CC_ID8852","FL_ID636","TC_ID1525"
"CC_ID4067","FL_ID637","TC_ID1627"
"CC_ID4067","FL_ID637","TC_ID22786"
"CC_ID4067","FL_ID637","TC_ID5656"
"CC_ID9742","FL_ID637","TC_ID17865"
"CC_ID9742","FL_ID637","TC_ID19496"
"CC_ID9742","FL_ID637","TC_ID6584"
"CC_ID3518","FL_ID638","TC_ID21212"
"CC_ID3518","FL_ID638","TC_ID2902"
"CC_ID3518","FL_ID638","TC_ID407"
"CC_ID3518","FL_ID638","TC_ID6210"
"CC_ID6021","FL_ID644","TC_ID17732"
"CC_ID6021","FL_ID644","TC_ID25830"
"CC_ID6021","FL_ID644","TC_ID3337"
"CC_ID6021","FL_ID644","TC_ID9159"
"CC_ID8361","FL_ID645","TC_ID12673"
"CC_ID8361","FL_ID645","TC_ID13972"
"CC_ID8361","FL_ID645","TC_ID16404"
"CC_ID8361","FL_ID645","TC_ID22171"
"CC_ID8361","FL_ID645","TC_ID5402"
"CC_ID9020","FL_ID646","TC_ID11134"
"CC_ID9020","FL_ID646","TC_ID13329"
"CC_ID9020","FL_ID646","TC_ID15685"
"CC_ID9020","FL_ID646","TC_ID19468"
"CC_ID9020","FL_ID646","TC_ID22060"
"CC_ID9020","FL_ID646","TC_ID22093"
"CC_ID9020","FL_ID646","TC_ID23978"
"CC_ID9020","FL_ID646","TC_ID4894"
"CC_ID430","FL_ID648","TC_ID11876"
"CC_ID430","FL_ID648","TC_ID12608"
"CC_ID430","FL_ID648","TC_ID14948"
"CC_ID430","FL_ID648","TC_ID16453"
"CC_ID430","FL_ID648","TC_ID1812"
"CC_ID430","FL_ID648","TC_ID19413"
"CC_ID430","FL_ID648","TC_ID21079"
"CC_ID430","FL_ID648","TC_ID24086"
"CC_ID430","FL_ID648","TC_ID806"
"CC_ID2762","FL_ID650","TC_ID11717"
"CC_ID2762","FL_ID650","TC_ID5645"
"CC_ID8779","FL_ID658","TC_ID10498"
"CC_ID8779","FL_ID658","TC_ID13489"
"CC_ID8779","FL_ID658","TC_ID16190"
"CC_ID5516","FL_ID660","TC_ID14155"
"CC_ID6929","FL_ID669","TC_ID11866"
"CC_ID6929","FL_ID669","TC_ID15720"
"CC_ID6929","FL_ID669","TC_ID19316"
"CC_ID6929","FL_ID669","TC_ID4088"
"CC_ID6929","FL_ID669","TC_ID844"
"CC_ID2524","FL_ID675","TC_ID12234"
"CC_ID4407","FL_ID676","TC_ID14502"
"CC_ID4407","FL_ID676","TC_ID14670"
"CC_ID7451","FL_ID677","TC_ID17608"
"CC_ID7451","FL_ID677","TC_ID18049"
"CC_ID7451","FL_ID677","TC_ID18131"
"CC_ID7451","FL_ID677","TC_ID19914"
"CC_ID7451","FL_ID677","TC_ID21940"
"CC_ID7451","FL_ID677","TC_ID6581"
"CC_ID7451","FL_ID677","TC_ID6846"
"CC_ID7451","FL_ID677","TC_ID9829"
"CC_ID10711","FL_ID679","TC_ID14111"
"CC_ID10711","FL_ID679","TC_ID5791"
"CC_ID5601","FL_ID679","TC_ID25116"
"CC_ID5601","FL_ID679","TC_ID25853"
"CC_ID5601","FL_ID679","TC_ID5922"
"CC_ID7371","FL_ID683","TC_ID2137"
"CC_ID7371","FL_ID683","TC_ID8902"
"CC_ID2340","FL_ID685","TC_ID17607"
"CC_ID2340","FL_ID685","TC_ID20430"
"CC_ID2340","FL_ID685","TC_ID8050"
"CC_ID9496","FL_ID685","TC_ID10846"
"CC_ID9496","FL_ID685","TC_ID14680"
"CC_ID9496","FL_ID685","TC_ID15614"
"CC_ID9496","FL_ID685","TC_ID19067"
"CC_ID9496","FL_ID685","TC_ID238"
"CC_ID9496","FL_ID685","TC_ID3827"
"CC_ID9496","FL_ID685","TC_ID6323"
"CC_ID9496","FL_ID685","TC_ID774"
"CC_ID9496","FL_ID685","TC_ID8966"
"CC_ID9496","FL_ID685","TC_ID998"
"CC_ID11138","FL_ID694","TC_ID24342"
"CC_ID11138","FL_ID694","TC_ID5139"
"CC_ID11138","FL_ID694","TC_ID764"
"CC_ID11138","FL_ID694","TC_ID8955"
"CC_ID5535","FL_ID695","TC_ID19710"
"CC_ID5535","FL_ID695","TC_ID23693"
"CC_ID5535","FL_ID695","TC_ID3758"
"CC_ID5535","FL_ID695","TC_ID7294"
"CC_ID6388","FL_ID697","TC_ID11216"
"CC_ID6388","FL_ID697","TC_ID13805"
"CC_ID6388","FL_ID697","TC_ID16660"
"CC_ID6388","FL_ID697","TC_ID22718"
"CC_ID6388","FL_ID697","TC_ID23099"
"CC_ID6388","FL_ID697","TC_ID2773"
"CC_ID6388","FL_ID697","TC_ID5157"
"CC_ID6388","FL_ID697","TC_ID6274"
"CC_ID6388","FL_ID697","TC_ID7644"
"CC_ID6388","FL_ID697","TC_ID9092"
"CC_ID6888","FL_ID697","TC_ID18286"
"CC_ID6888","FL_ID697","TC_ID21883"
"CC_ID6888","FL_ID697","TC_ID497"
"CC_ID725","FL_ID697","TC_ID10846"
"CC_ID725","FL_ID697","TC_ID12734"
"CC_ID725","FL_ID697","TC_ID18606"
"CC_ID725","FL_ID697","TC_ID21659"
"CC_ID725","FL_ID697","TC_ID23403"
"CC_ID725","FL_ID697","TC_ID25669"
"CC_ID725","FL_ID697","TC_ID538"
"CC_ID725","FL_ID697","TC_ID8053"
"CC_ID725","FL_ID697","TC_ID8790"
"CC_ID9623","FL_ID697","TC_ID15761"
"CC_ID2042","FL_ID698","TC_ID10161"
"CC_ID2042","FL_ID698","TC_ID14302"
"CC_ID2042","FL_ID698","TC_ID20404"
"CC_ID2042","FL_ID698","TC_ID24015"
"CC_ID12207","FL_ID699","TC_ID23816"
"CC_ID325","FL_ID702","TC_ID22410"
"CC_ID325","FL_ID702","TC_ID3156"
"CC_ID3161","FL_ID703","TC_ID10287"
"CC_ID3161","FL_ID703","TC_ID11414"
"CC_ID3161","FL_ID703","TC_ID13327"
"CC_ID3161","FL_ID703","TC_ID21667"
"CC_ID3161","FL_ID703","TC_ID24555"
"CC_ID3161","FL_ID703","TC_ID7469"
"CC_ID3161","FL_ID703","TC_ID8978"
"CC_ID111","FL_ID704","TC_ID11765"
"CC_ID111","FL_ID704","TC_ID12944"
"CC_ID111","FL_ID704","TC_ID15982"
"CC_ID111","FL_ID704","TC_ID17229"
"CC_ID111","FL_ID704","TC_ID18717"
"CC_ID111","FL_ID704","TC_ID18941"
"CC_ID111","FL_ID704","TC_ID19431"
"CC_ID111","FL_ID704","TC_ID22733"
"CC_ID111","FL_ID704","TC_ID3751"
"CC_ID111","FL_ID704","TC_ID8237"
"CC_ID6563","FL_ID705","TC_ID12803"
"CC_ID6563","FL_ID705","TC_ID14715"
"CC_ID6563","FL_ID705","TC_ID14730"
"CC_ID6563","FL_ID705","TC_ID21923"
"CC_ID6563","FL_ID705","TC_ID22924"
"CC_ID6563","FL_ID705","TC_ID23754"
"CC_ID6563","FL_ID705","TC_ID25910"
"CC_ID6563","FL_ID705","TC_ID5483"
"CC_ID6563","FL_ID705","TC_ID8833"
"CC_ID11018","FL_ID708","TC_ID13408"
"CC_ID11018","FL_ID708","TC_ID14237"
"CC_ID11018","FL_ID708","TC_ID15730"
"CC_ID11018","FL_ID708","TC_ID16265"
"CC_ID11018","FL_ID708","TC_ID21314"
"CC_ID11018","FL_ID708","TC_ID21520"
"CC_ID11018","FL_ID708","TC_ID5524"
"CC_ID11018","FL_ID708","TC_ID962"
"CC_ID12432","FL_ID711","TC_ID19671"
"CC_ID12432","FL_ID711","TC_ID25542"
"CC_ID11561","FL_ID713","TC_ID23084"
"CC_ID11561","FL_ID713","TC_ID3421"
"CC_ID11561","FL_ID713","TC_ID4540"
"CC_ID4255","FL_ID717","TC_ID13434"
"CC_ID4255","FL_ID717","TC_ID15622"
"CC_ID4255","FL_ID717","TC_ID15990"
"CC_ID4255","FL_ID717","TC_ID1614"
"CC_ID4255","FL_ID717","TC_ID23060"
"CC_ID4255","FL_ID717","TC_ID25574"
"CC_ID4255","FL_ID717","TC_ID6437"
"CC_ID4255","FL_ID717","TC_ID7915"
"CC_ID4255","FL_ID717","TC_ID9604"
"CC_ID6363","FL_ID720","TC_ID11716"
"CC_ID6363","FL_ID720","TC_ID24479"
"CC_ID2342","FL_ID723","TC_ID13543"
"CC_ID2342","FL_ID723","TC_ID13865"
"CC_ID2342","FL_ID723","TC_ID15611"
"CC_ID2342","FL_ID723","TC_ID17785"
"CC_ID2342","FL_ID723","TC_ID2107"
"CC_ID2342","FL_ID723","TC_ID21524"
"CC_ID2342","FL_ID723","TC_ID23103"
"CC_ID2342","FL_ID723","TC_ID2425"
"CC_ID2342","FL_ID723","TC_ID25970"
"CC_ID2342","FL_ID723","TC_ID6369"
"CC_ID9520","FL_ID724","TC_ID24117"
"CC_ID11566","FL_ID730","TC_ID21757"
"CC_ID11566","FL_ID730","TC_ID4060"
"CC_ID12086","FL_ID730","TC_ID12949"
"CC_ID12086","FL_ID730","TC_ID19950"
"CC_ID12086","FL_ID730","TC_ID20497"
"CC_ID205","FL_ID731","TC_ID14059"
"CC_ID205","FL_ID731","TC_ID18306"
"CC_ID205","FL_ID731","TC_ID20059"
"CC_ID205","FL_ID731","TC_ID23497"
"CC_ID205","FL_ID731","TC_ID5259"
"CC_ID11306","FL_ID738","TC_ID11273"
"CC_ID11306","FL_ID738","TC_ID15143"
"CC_ID11306","FL_ID738","TC_ID17446"
"CC_ID3307","FL_ID738","TC_ID8043"
"CC_ID7654","FL_ID739","TC_ID1268"
"CC_ID7654","FL_ID739","TC_ID2858"
"CC_ID7654","FL_ID739","TC_ID5296"
"CC_ID6914","FL_ID741","TC_ID16724"
"CC_ID6914","FL_ID741","TC_ID25757"
"CC_ID6914","FL_ID741","TC_ID7847"
"CC_ID6914","FL_ID741","TC_ID7984"
"CC_ID4859","FL_ID743","TC_ID13626"
"CC_ID4859","FL_ID743","TC_ID575"
"CC_ID4095","FL_ID747","TC_ID11609"
"CC_ID4095","FL_ID747","TC_ID17530"
"CC_ID4095","FL_ID747","TC_ID8442"
"CC_ID10913","FL_ID752","TC_ID12441"
"CC_ID10913","FL_ID752","TC_ID16457"
"CC_ID10913","FL_ID752","TC_ID20219"
"CC_ID10913","FL_ID752","TC_ID4316"
"CC_ID9520","FL_ID753","TC_ID24117"
"CC_ID3116","FL_ID763","TC_ID25623"
"CC_ID3116","FL_ID763","TC_ID2965"
"CC_ID355","FL_ID768","TC_ID13117"
"CC_ID355","FL_ID768","TC_ID18095"
"CC_ID355","FL_ID768","TC_ID23327"
"CC_ID355","FL_ID768","TC_ID2482"
"CC_ID355","FL_ID768","TC_ID9035"
"CC_ID12535","FL_ID771","TC_ID11575"
"CC_ID12535","FL_ID771","TC_ID11760"
"CC_ID12535","FL_ID771","TC_ID16690"
"CC_ID12535","FL_ID771","TC_ID1926"
"CC_ID12535","FL_ID771","TC_ID19630"
"CC_ID12535","FL_ID771","TC_ID23218"
"CC_ID12535","FL_ID771","TC_ID2570"
"CC_ID12535","FL_ID771","TC_ID7911"
"CC_ID12535","FL_ID771","TC_ID9626"
"CC_ID9526","FL_ID775","TC_ID19046"
"CC_ID9526","FL_ID775","TC_ID23862"
"CC_ID9526","FL_ID775","TC_ID5701"
"CC_ID12726","FL_ID779","TC_ID23425"
"CC_ID12726","FL_ID779","TC_ID4850"
"CC_ID12726","FL_ID779","TC_ID761"
"CC_ID12726","FL_ID779","TC_ID7665"
"CC_ID9319","FL_ID780","TC_ID20399"
"CC_ID9319","FL_ID780","TC_ID2836"
"CC_ID9319","FL_ID780","TC_ID4137"
"CC_ID9319","FL_ID780","TC_ID4911"
"CC_ID9319","FL_ID780","TC_ID5823"
"CC_ID6748","FL_ID781","TC_ID8368"
"CC_ID6748","FL_ID781","TC_ID8506"
"CC_ID6748","FL_ID781","TC_ID9115"
"CC_ID1061","FL_ID782","TC_ID10482"
"CC_ID1061","FL_ID782","TC_ID10899"
"CC_ID1061","FL_ID782","TC_ID13049"
"CC_ID1061","FL_ID782","TC_ID15647"
"CC_ID1061","FL_ID782","TC_ID16895"
"CC_ID1061","FL_ID782","TC_ID22563"
"CC_ID1061","FL_ID782","TC_ID25838"
"CC_ID1061","FL_ID782","TC_ID4110"
"CC_ID1061","FL_ID782","TC_ID729"
"CC_ID1061","FL_ID782","TC_ID8735"
"CC_ID5070","FL_ID783","TC_ID6984"
"CC_ID5451","FL_ID786","TC_ID11268"
"CC_ID5451","FL_ID786","TC_ID17310"
"CC_ID5451","FL_ID786","TC_ID1918"
"CC_ID5451","FL_ID786","TC_ID22461"
"CC_ID5451","FL_ID786","TC_ID22538"
"CC_ID5451","FL_ID786","TC_ID24750"
"CC_ID5451","FL_ID786","TC_ID8889"
"CC_ID2537","FL_ID788","TC_ID11070"
"CC_ID4692","FL_ID788","TC_ID25746"
"CC_ID4692","FL_ID788","TC_ID9608"
"CC_ID7564","FL_ID792","TC_ID14741"
"CC_ID7564","FL_ID792","TC_ID15033"
"CC_ID7564","FL_ID792","TC_ID19410"
"CC_ID7564","FL_ID792","TC_ID4257"
"CC_ID7564","FL_ID792","TC_ID906"
"CC_ID4686","FL_ID797","TC_ID24540"
"CC_ID4686","FL_ID797","TC_ID3580"
"CC_ID10325","FL_ID799","TC_ID11496"
"CC_ID10325","FL_ID799","TC_ID11505"
"CC_ID10325","FL_ID799","TC_ID13196"
"CC_ID10325","FL_ID799","TC_ID1531"
"CC_ID10325","FL_ID799","TC_ID24485"
"CC_ID8716","FL_ID799","TC_ID24007"
"CC_ID8027","FL_ID802","TC_ID24679"
"CC_ID8027","FL_ID802","TC_ID549"
"CC_ID8027","FL_ID802","TC_ID7116"
"CC_ID9081","FL_ID803","TC_ID18492"
"CC_ID9081","FL_ID803","TC_ID7340"
"CC_ID9081","FL_ID803","TC_ID9145"
"CC_ID11768","FL_ID804","TC_ID20235"
"CC_ID11768","FL_ID804","TC_ID6307"
"CC_ID6427","FL_ID804","TC_ID12703"
"CC_ID6427","FL_ID804","TC_ID13883"
"CC_ID7015","FL_ID804","TC_ID11666"
"CC_ID7015","FL_ID804","TC_ID5080"
"CC_ID7015","FL_ID804","TC_ID5950"
"CC_ID2542","FL_ID806","TC_ID4283"
"CC_ID7767","FL_ID814","TC_ID19421"
"CC_ID7767","FL_ID814","TC_ID21745"
"CC_ID9129","FL_ID814","TC_ID20628"
"CC_ID9129","FL_ID814","TC_ID25175"
"CC_ID10283","FL_ID818","TC_ID16088"
"CC_ID1921","FL_ID818","TC_ID24704"
"CC_ID1921","FL_ID818","TC_ID25821"
"CC_ID1921","FL_ID818","TC_ID8117"
"CC_ID6061","FL_ID818","TC_ID15420"
"CC_ID6061","FL_ID818","TC_ID22806"
"CC_ID6061","FL_ID818","TC_ID8468"
"CC_ID7600","FL_ID822","TC_ID12155"
"CC_ID7600","FL_ID822","TC_ID15985"
"CC_ID7600","FL_ID822","TC_ID19234"
"CC_ID7600","FL_ID822","TC_ID22048"
"CC_ID7600","FL_ID822","TC_ID9406"
"CC_ID12093","FL_ID826","TC_ID14559"
"CC_ID12093","FL_ID826","TC_ID24788"
"CC_ID12093","FL_ID826","TC_ID7741"
"CC_ID4769","FL_ID827","TC_ID15504"
"CC_ID4769","FL_ID827","TC_ID19147"
"CC_ID4769","FL_ID827","TC_ID2240"
"CC_ID4769","FL_ID827","TC_ID23823"
"CC_ID4769","FL_ID827","TC_ID23981"
"CC_ID8421","FL_ID827","TC_ID25644"
"CC_ID5070","FL_ID830","TC_ID6984"
"CC_ID2473","FL_ID833","TC_ID13906"
"CC_ID2473","FL_ID833","TC_ID14078"
"CC_ID2473","FL_ID833","TC_ID14762"
"CC_ID2473","FL_ID833","TC_ID15751"
"CC_ID2473","FL_ID833","TC_ID19464"
"CC_ID2473","FL_ID833","TC_ID22020"
"CC_ID2473","FL_ID833","TC_ID3912"
"CC_ID2473","FL_ID833","TC_ID5675"
"CC_ID2473","FL_ID833","TC_ID5940"
"CC_ID2473","FL_ID833","TC_ID7823"
"CC_ID5597","FL_ID835","TC_ID13587"
"CC_ID5597","FL_ID835","TC_ID17654"
"CC_ID5597","FL_ID835","TC_ID508"
"CC_ID5597","FL_ID835","TC_ID5356"
"CC_ID11254","FL_ID837","TC_ID2671"
"CC_ID7106","FL_ID837","TC_ID12492"
"CC_ID7106","FL_ID837","TC_ID12984"
"CC_ID7106","FL_ID837","TC_ID4493"
"CC_ID7106","FL_ID837","TC_ID6636"
"CC_ID7717","FL_ID837","TC_ID12645"
"CC_ID7717","FL_ID837","TC_ID1575"
"CC_ID7717","FL_ID837","TC_ID15859"
"CC_ID900","FL_ID837","TC_ID14918"
"CC_ID900","FL_ID837","TC_ID3730"
"CC_ID900","FL_ID837","TC_ID3934"
"CC_ID2329","FL_ID839","TC_ID10023"
"CC_ID2329","FL_ID839","TC_ID14028"
"CC_ID2329","FL_ID839","TC_ID14235"
"CC_ID2329","FL_ID839","TC_ID1559"
"CC_ID2329","FL_ID839","TC_ID1700"
"CC_ID2329","FL_ID839","TC_ID2095"
"CC_ID2329","FL_ID839","TC_ID383"
"CC_ID2329","FL_ID839","TC_ID7948"
"CC_ID3071","FL_ID840","TC_ID11746"
"CC_ID3071","FL_ID840","TC_ID16941"
"CC_ID3071","FL_ID840","TC_ID22801"
"CC_ID4657","FL_ID840","TC_ID1170"
"CC_ID4657","FL_ID840","TC_ID17668"
"CC_ID4657","FL_ID840","TC_ID18795"
"CC_ID4657","FL_ID840","TC_ID22058"
"CC_ID4657","FL_ID840","TC_ID8921"
"CC_ID6317","FL_ID840","TC_ID22606"
"CC_ID14","FL_ID842","TC_ID1210"
"CC_ID14","FL_ID842","TC_ID21053"
"CC_ID3751","FL_ID844","TC_ID5808"
"CC_ID12236","FL_ID845","TC_ID20461"
"CC_ID12236","FL_ID845","TC_ID24849"
"CC_ID12236","FL_ID845","TC_ID25940"
"CC_ID12236","FL_ID845","TC_ID4209"
"CC_ID12236","FL_ID845","TC_ID4643"
"CC_ID12236","FL_ID845","TC_ID5780"
"CC_ID12236","FL_ID845","TC_ID8294"
"CC_ID12236","FL_ID845","TC_ID9558"
"CC_ID12903","FL_ID845","TC_ID13273"
"CC_ID12903","FL_ID845","TC_ID1583"
"CC_ID12903","FL_ID845","TC_ID21146"
"CC_ID12903","FL_ID845","TC_ID21901"
"CC_ID12903","FL_ID845","TC_ID24230"
"CC_ID12903","FL_ID845","TC_ID24546"
"CC_ID12903","FL_ID845","TC_ID3749"
"CC_ID12903","FL_ID845","TC_ID623"
"CC_ID12903","FL_ID845","TC_ID9697"
"CC_ID5700","FL_ID845","TC_ID10647"
"CC_ID5700","FL_ID845","TC_ID3855"
"CC_ID5700","FL_ID845","TC_ID5545"
"CC_ID5700","FL_ID845","TC_ID6466"
"CC_ID10270","FL_ID847","TC_ID7538"
"CC_ID4412","FL_ID847","TC_ID12614"
"CC_ID4412","FL_ID847","TC_ID19100"
"CC_ID4412","FL_ID847","TC_ID4272"
"CC_ID10489","FL_ID848","TC_ID1029"
"CC_ID10489","FL_ID848","TC_ID11232"
"CC_ID10489","FL_ID848","TC_ID7533"
"CC_ID10489","FL_ID848","TC_ID8516"
"CC_ID2159","FL_ID848","TC_ID203"
"CC_ID2159","FL_ID848","TC_ID22737"
"CC_ID2159","FL_ID848","TC_ID9251"
"CC_ID4357","FL_ID848","TC_ID3245"
"CC_ID4357","FL_ID848","TC_ID3734"
"CC_ID5505","FL_ID851","TC_ID19293"
"CC_ID5505","FL_ID851","TC_ID23498"
"CC_ID5505","FL_ID851","TC_ID23998"
"CC_ID9714","FL_ID852","TC_ID12183"
"CC_ID9714","FL_ID852","TC_ID2959"
"CC_ID9714","FL_ID852","TC_ID7045"
"CC_ID12633","FL_ID853","TC_ID18001"
"CC_ID12633","FL_ID853","TC_ID18778"
"CC_ID12633","FL_ID853","TC_ID25121"
"CC_ID12633","FL_ID853","TC_ID3511"
"CC_ID12633","FL_ID853","TC_ID798"
"CC_ID6087","FL_ID853","TC_ID11312"
"CC_ID6087","FL_ID853","TC_ID16945"
"CC_ID6087","FL_ID853","TC_ID22245"
"CC_ID6991","FL_ID853","TC_ID11677"
"CC_ID6991","FL_ID853","TC_ID12093"
"CC_ID6991","FL_ID853","TC_ID1317"
"CC_ID6991","FL_ID853","TC_ID14486"
"CC_ID6991","FL_ID853","TC_ID18578"
"CC_ID6991","FL_ID853","TC_ID18959"
"CC_ID6991","FL_ID853","TC_ID23917"
"CC_ID6721","FL_ID856","TC_ID10539"
"CC_ID6721","FL_ID856","TC_ID13223"
"CC_ID6721","FL_ID856","TC_ID14694"
"CC_ID6721","FL_ID856","TC_ID23153"
"CC_ID6721","FL_ID856","TC_ID24312"
"CC_ID6721","FL_ID856","TC_ID4118"
"CC_ID6721","FL_ID856","TC_ID4311"
"CC_ID6721","FL_ID856","TC_ID4795"
"CC_ID6721","FL_ID856","TC_ID5560"
"CC_ID6270","FL_ID857","TC_ID13280"
"CC_ID6270","FL_ID857","TC_ID18408"
"CC_ID6270","FL_ID857","TC_ID361"
"CC_ID6636","FL_ID857","TC_ID23575"
"CC_ID6636","FL_ID857","TC_ID24171"
"CC_ID7865","FL_ID857","TC_ID19858"
"CC_ID8373","FL_ID857","TC_ID12615"
"CC_ID9881","FL_ID857","TC_ID4673"
"CC_ID9881","FL_ID857","TC_ID4681"
"CC_ID308","FL_ID860","TC_ID15268"
"CC_ID308","FL_ID860","TC_ID22958"
"CC_ID308","FL_ID860","TC_ID390"
"CC_ID4686","FL_ID860","TC_ID24540"
"CC_ID4686","FL_ID860","TC_ID3580"
"CC_ID176","FL_ID864","TC_ID11869"
"CC_ID176","FL_ID864","TC_ID13462"
"CC_ID176","FL_ID864","TC_ID1944"
"CC_ID11468","FL_ID872","TC_ID17901"
"CC_ID11468","FL_ID872","TC_ID7585"
"CC_ID546","FL_ID873","TC_ID13693"
"CC_ID546","FL_ID873","TC_ID17617"
"CC_ID546","FL_ID873","TC_ID19946"
"CC_ID546","FL_ID873","TC_ID20316"
"CC_ID546","FL_ID873","TC_ID25762"
"CC_ID6422","FL_ID873","TC_ID13012"
"CC_ID6422","FL_ID873","TC_ID19942"
"CC_ID6422","FL_ID873","TC_ID20160"
"CC_ID6422","FL_ID873","TC_ID20548"
"CC_ID6422","FL_ID873","TC_ID2263"
"CC_ID150","FL_ID874","TC_ID11262"
"CC_ID150","FL_ID874","TC_ID1244"
"CC_ID150","FL_ID874","TC_ID14142"
"CC_ID9276","FL_ID874","TC_ID8"
"CC_ID9276","FL_ID874","TC_ID991"
"CC_ID6637","FL_ID875","TC_ID3685"
"CC_ID10766","FL_ID878","TC_ID13987"
"CC_ID10766","FL_ID878","TC_ID341"
"CC_ID1256","FL_ID878","TC_ID13088"
"CC_ID1256","FL_ID878","TC_ID22170"
"CC_ID1256","FL_ID878","TC_ID23303"
"CC_ID12917","FL_ID879","TC_ID10698"
"CC_ID12917","FL_ID879","TC_ID112"
"CC_ID4379","FL_ID880","TC_ID23002"
"CC_ID411","FL_ID882","TC_ID17537"
"CC_ID411","FL_ID882","TC_ID19629"
"CC_ID4290","FL_ID882","TC_ID12929"
"CC_ID4290","FL_ID882","TC_ID18740"
"CC_ID4290","FL_ID882","TC_ID2258"
"CC_ID4290","FL_ID882","TC_ID22870"
"CC_ID4290","FL_ID882","TC_ID23986"
"CC_ID4290","FL_ID882","TC_ID24985"
"CC_ID4290","FL_ID882","TC_ID3361"
"CC_ID670","FL_ID882","TC_ID12675"
"CC_ID670","FL_ID882","TC_ID18144"
"CC_ID670","FL_ID882","TC_ID7066"
"CC_ID670","FL_ID882","TC_ID752"
"CC_ID2512","FL_ID888","TC_ID16203"
"CC_ID8185","FL_ID888","TC_ID12426"
"CC_ID8185","FL_ID888","TC_ID12628"
"CC_ID8185","FL_ID888","TC_ID22265"
"CC_ID11485","FL_ID889","TC_ID25049"
"CC_ID5666","FL_ID890","TC_ID14029"
"CC_ID5666","FL_ID890","TC_ID23860"
"CC_ID6571","FL_ID896","TC_ID14123"
"CC_ID6571","FL_ID896","TC_ID22354"
"CC_ID6571","FL_ID896","TC_ID3230"
"CC_ID6571","FL_ID896","TC_ID6196"
"CC_ID6571","FL_ID896","TC_ID6719"
"CC_ID10350","FL_ID897","TC_ID11694"
"CC_ID2860","FL_ID897","TC_ID22204"
"CC_ID12","FL_ID898","TC_ID19864"
"CC_ID12","FL_ID898","TC_ID458"
"CC_ID12","FL_ID898","TC_ID8648"
"CC_ID6659","FL_ID898","TC_ID10298"
"CC_ID6659","FL_ID898","TC_ID10532"
"CC_ID6659","FL_ID898","TC_ID16285"
"CC_ID6659","FL_ID898","TC_ID17493"
"CC_ID6659","FL_ID898","TC_ID19163"
"CC_ID829","FL_ID898","TC_ID21213"
"CC_ID9356","FL_ID899","TC_ID7912"
"CC_ID325","FL_ID901","TC_ID22410"
"CC_ID325","FL_ID901","TC_ID3156"
"CC_ID11","FL_ID902","TC_ID14140"
"CC_ID11","FL_ID902","TC_ID5754"
"CC_ID4781","FL_ID904","TC_ID11219"
"CC_ID2818","FL_ID910","TC_ID7651"
"CC_ID2818","FL_ID910","TC_ID7766"
"CC_ID10730","FL_ID913","TC_ID4869"
"CC_ID2303","FL_ID913","TC_ID14822"
"CC_ID2303","FL_ID913","TC_ID24127"
"CC_ID2303","FL_ID913","TC_ID8738"
"CC_ID2806","FL_ID914","TC_ID15647"
"CC_ID2806","FL_ID914","TC_ID23247"
"CC_ID2806","FL_ID914","TC_ID25008"
"CC_ID9310","FL_ID914","TC_ID12025"
"CC_ID9310","FL_ID914","TC_ID13447"
"CC_ID9310","FL_ID914","TC_ID14553"
"CC_ID9310","FL_ID914","TC_ID16300"
"CC_ID9310","FL_ID914","TC_ID18471"
"CC_ID9310","FL_ID914","TC_ID19318"
"CC_ID9310","FL_ID914","TC_ID19742"
"CC_ID9310","FL_ID914","TC_ID21901"
"CC_ID9310","FL_ID914","TC_ID22735"
"CC_ID9310","FL_ID914","TC_ID5043"
"CC_ID5163","FL_ID915","TC_ID16896"
"CC_ID5163","FL_ID915","TC_ID3815"
"CC_ID5163","FL_ID915","TC_ID7568"
"CC_ID9914","FL_ID918","TC_ID14188"
"CC_ID9914","FL_ID918","TC_ID1723"
"CC_ID9914","FL_ID918","TC_ID19962"
"CC_ID9914","FL_ID918","TC_ID25019"
"CC_ID9914","FL_ID918","TC_ID416"
"CC_ID6620","FL_ID920","TC_ID10307"
"CC_ID6620","FL_ID920","TC_ID7756"
"CC_ID6620","FL_ID920","TC_ID7788"
"CC_ID4669","FL_ID921","TC_ID10701"
"CC_ID4669","FL_ID921","TC_ID12029"
"CC_ID3706","FL_ID922","TC_ID20188"
"CC_ID3706","FL_ID922","TC_ID24606"
"CC_ID3706","FL_ID922","TC_ID8537"
"CC_ID56","FL_ID922","TC_ID5084"
"CC_ID9423","FL_ID923","TC_ID13618"
"CC_ID9423","FL_ID923","TC_ID23901"
"CC_ID9423","FL_ID923","TC_ID3704"
"CC_ID9423","FL_ID923","TC_ID4182"
"CC_ID9423","FL_ID923","TC_ID7993"
"CC_ID9423","FL_ID923","TC_ID8722"
"CC_ID9423","FL_ID923","TC_ID9597"
"CC_ID7097","FL_ID932","TC_ID1055"
"CC_ID7097","FL_ID932","TC_ID18040"
"CC_ID7097","FL_ID932","TC_ID25028"
"CC_ID12535","FL_ID934","TC_ID11575"
"CC_ID12535","FL_ID934","TC_ID11760"
"CC_ID12535","FL_ID934","TC_ID16690"
"CC_ID12535","FL_ID934","TC_ID1926"
"CC_ID12535","FL_ID934","TC_ID19630"
"CC_ID12535","FL_ID934","TC_ID23218"
"CC_ID12535","FL_ID934","TC_ID2570"
"CC_ID12535","FL_ID934","TC_ID7911"
"CC_ID12535","FL_ID934","TC_ID9626"
"CC_ID6862","FL_ID934","TC_ID10182"
"CC_ID12434","FL_ID939","TC_ID1031"
"CC_ID12434","FL_ID939","TC_ID22434"
"CC_ID12434","FL_ID939","TC_ID23374"
"CC_ID12434","FL_ID939","TC_ID6864"
"CC_ID11635","FL_ID943","TC_ID10522"
"CC_ID11635","FL_ID943","TC_ID19339"
"CC_ID11635","FL_ID943","TC_ID2884"
"CC_ID3657","FL_ID943","TC_ID12250"
"CC_ID3657","FL_ID943","TC_ID12335"
"CC_ID3657","FL_ID943","TC_ID12578"
"CC_ID3657","FL_ID943","TC_ID14247"
"CC_ID3657","FL_ID943","TC_ID2203"
"CC_ID723","FL_ID943","TC_ID20718"
"CC_ID723","FL_ID943","TC_ID22218"
"CC_ID4935","FL_ID944","TC_ID10129"
"CC_ID4935","FL_ID944","TC_ID13743"
"CC_ID4935","FL_ID944","TC_ID17405"
"CC_ID4935","FL_ID944","TC_ID20240"
"CC_ID4935","FL_ID944","TC_ID24319"
"CC_ID4935","FL_ID944","TC_ID25373"
"CC_ID4935","FL_ID944","TC_ID2852"
"CC_ID4935","FL_ID944","TC_ID5373"
"CC_ID4935","FL_ID944","TC_ID9078"
"CC_ID8982","FL_ID944","TC_ID12062"
"CC_ID8982","FL_ID944","TC_ID13585"
"CC_ID8982","FL_ID944","TC_ID14824"
"CC_ID8982","FL_ID944","TC_ID15318"
"CC_ID8982","FL_ID944","TC_ID16516"
"CC_ID8982","FL_ID944","TC_ID1926"
"CC_ID8982","FL_ID944","TC_ID23526"
"CC_ID8982","FL_ID944","TC_ID5832"
"CC_ID8982","FL_ID944","TC_ID6967"
"CC_ID8982","FL_ID944","TC_ID7781"
"CC_ID6251","FL_ID946","TC_ID19516"
"CC_ID6251","FL_ID946","TC_ID25881"
"CC_ID3352","FL_ID948","TC_ID12099"
"CC_ID3352","FL_ID948","TC_ID15874"
"CC_ID3352","FL_ID948","TC_ID3547"
"CC_ID3301","FL_ID951","TC_ID13949"
"CC_ID11018","FL_ID953","TC_ID13408"
"CC_ID11018","FL_ID953","TC_ID14237"
"CC_ID11018","FL_ID953","TC_ID15730"
"CC_ID11018","FL_ID953","TC_ID16265"
"CC_ID11018","FL_ID953","TC_ID21314"
"CC_ID11018","FL_ID953","TC_ID21520"
"CC_ID11018","FL_ID953","TC_ID5524"
"CC_ID11018","FL_ID953","TC_ID962"
"CC_ID5991","FL_ID953","TC_ID11014"
"CC_ID5991","FL_ID953","TC_ID14253"
"CC_ID5991","FL_ID953","TC_ID14839"
"CC_ID5991","FL_ID953","TC_ID3651"
"CC_ID5991","FL_ID953","TC_ID9470"
"CC_ID2950","FL_ID955","TC_ID20810"
"CC_ID2950","FL_ID955","TC_ID21285"
"CC_ID2950","FL_ID955","TC_ID24208"
"CC_ID2950","FL_ID955","TC_ID25469"
"CC_ID2950","FL_ID955","TC_ID2749"
"CC_ID3952","FL_ID955","TC_ID13264"
"CC_ID3952","FL_ID955","TC_ID18049"
"CC_ID10350","FL_ID961","TC_ID11694"
"CC_ID728","FL_ID961","TC_ID4000"
"CC_ID728","FL_ID961","TC_ID5245"
"CC_ID728","FL_ID961","TC_ID6501"
"CC_ID11823","FL_ID962","TC_ID24163"
"CC_ID11823","FL_ID962","TC_ID25793"
"CC_ID2577","FL_ID962","TC_ID18455"
"CC_ID11","FL_ID963","TC_ID14140"
"CC_ID11","FL_ID963","TC_ID5754"
"CC_ID8389","FL_ID963","TC_ID15113"
"CC_ID8389","FL_ID963","TC_ID21006"
"CC_ID8389","FL_ID963","TC_ID22571"
"CC_ID8389","FL_ID963","TC_ID7843"
"CC_ID8389","FL_ID963","TC_ID8202"
"CC_ID3405","FL_ID969","TC_ID20849"
"CC_ID3405","FL_ID969","TC_ID8697"
"CC_ID12586","FL_ID970","TC_ID16548"
"CC_ID12586","FL_ID970","TC_ID18031"
"CC_ID12586","FL_ID970","TC_ID23685"
"CC_ID12586","FL_ID970","TC_ID860"
"CC_ID2098","FL_ID972","TC_ID11638"
"CC_ID2098","FL_ID972","TC_ID20369"
"CC_ID2098","FL_ID972","TC_ID6981"
"CC_ID7226","FL_ID977","TC_ID12391"
"CC_ID7226","FL_ID977","TC_ID22026"
"CC_ID7226","FL_ID977","TC_ID9759"
"CC_ID8379","FL_ID977","TC_ID11875"
"CC_ID8379","FL_ID977","TC_ID16469"
"CC_ID8379","FL_ID977","TC_ID23902"
"CC_ID8379","FL_ID977","TC_ID25934"
"CC_ID4173","FL_ID978","TC_ID14450"
"CC_ID4173","FL_ID978","TC_ID16584"
"CC_ID4173","FL_ID978","TC_ID16702"
"CC_ID4173","FL_ID978","TC_ID3277"
"CC_ID4173","FL_ID978","TC_ID4604"
"CC_ID4134","FL_ID980","TC_ID12678"
"CC_ID4134","FL_ID980","TC_ID8285"
"CC_ID4714","FL_ID981","TC_ID166"
"CC_ID4714","FL_ID981","TC_ID6256"
"CC_ID5687","FL_ID982","TC_ID105"
"CC_ID5687","FL_ID982","TC_ID13257"
"CC_ID5687","FL_ID982","TC_ID24029"
"CC_ID5687","FL_ID982","TC_ID8263"
"CC_ID3301","FL_ID983","TC_ID13949"
"CC_ID2044","FL_ID984","TC_ID10636"
"CC_ID2044","FL_ID984","TC_ID12076"
"CC_ID2044","FL_ID984","TC_ID13045"
"CC_ID2044","FL_ID984","TC_ID13911"
"CC_ID2044","FL_ID984","TC_ID17109"
"CC_ID2044","FL_ID984","TC_ID20789"
"CC_ID2044","FL_ID984","TC_ID21314"
"CC_ID2044","FL_ID984","TC_ID21965"
"CC_ID2044","FL_ID984","TC_ID6407"
"CC_ID9425","FL_ID985","TC_ID25307"
"CC_ID11088","FL_ID988","TC_ID12992"
"CC_ID11088","FL_ID988","TC_ID13322"
"CC_ID11088","FL_ID988","TC_ID20522"
"CC_ID6831","FL_ID988","TC_ID25210"
"CC_ID12027","FL_ID991","TC_ID14234"
"CC_ID12027","FL_ID991","TC_ID21223"
"CC_ID12027","FL_ID991","TC_ID24974"
"CC_ID12027","FL_ID991","TC_ID3750"
"CC_ID12027","FL_ID991","TC_ID9427"
"CC_ID6228","FL_ID991","TC_ID11078"
"CC_ID6228","FL_ID991","TC_ID18259"
"CC_ID6228","FL_ID991","TC_ID1866"
"CC_ID6228","FL_ID991","TC_ID2092"
"CC_ID6228","FL_ID991","TC_ID2268"
"CC_ID6228","FL_ID991","TC_ID23395"
"CC_ID6228","FL_ID991","TC_ID248"
"CC_ID6228","FL_ID991","TC_ID5773"
"CC_ID6228","FL_ID991","TC_ID6895"
"CC_ID6228","FL_ID991","TC_ID9547"
"CC_ID7221","FL_ID991","TC_ID18530"
"CC_ID7221","FL_ID991","TC_ID2528"
"CC_ID10579","FL_ID993","TC_ID12997"
"CC_ID9526","FL_ID993","TC_ID19046"
"CC_ID9526","FL_ID993","TC_ID23862"
"CC_ID9526","FL_ID993","TC_ID5701"
"CC_ID7061","FL_ID994","TC_ID1007"
"CC_ID2336","FL_ID998","TC_ID15693"
"CC_ID2336","FL_ID998","TC_ID17732"
"CC_ID2336","FL_ID998","TC_ID464"
"CC_ID1149","FL_ID999","TC_ID15887"
"CC_ID1149","FL_ID999","TC_ID24256"
"CC_ID1149","FL_ID999","TC_ID3771"
"CC_ID1149","FL_ID999","TC_ID5009"
"CC_ID1149","FL_ID999","TC_ID8640"
"CC_ID11978","FL_ID1005","TC_ID12328"
"CC_ID11978","FL_ID1005","TC_ID22845"
"CC_ID11978","FL_ID1005","TC_ID23656"
"CC_ID6317","FL_ID1005","TC_ID22606"
"CC_ID8379","FL_ID1005","TC_ID11875"
"CC_ID8379","FL_ID1005","TC_ID16469"
"CC_ID8379","FL_ID1005","TC_ID23902"
"CC_ID8379","FL_ID1005","TC_ID25934"
"CC_ID10671","FL_ID1007","TC_ID10181"
"CC_ID10671","FL_ID1007","TC_ID10687"
"CC_ID10671","FL_ID1007","TC_ID139"
"CC_ID10671","FL_ID1007","TC_ID14619"
"CC_ID10671","FL_ID1007","TC_ID5530"
"CC_ID2808","FL_ID1009","TC_ID1758"
"CC_ID2808","FL_ID1009","TC_ID22091"
"CC_ID2808","FL_ID1009","TC_ID263"
"CC_ID2808","FL_ID1009","TC_ID8846"
"CC_ID2808","FL_ID1009","TC_ID9346"
"CC_ID4529","FL_ID1009","TC_ID18546"
"CC_ID4529","FL_ID1009","TC_ID24137"
"CC_ID6563","FL_ID1010","TC_ID12803"
"CC_ID6563","FL_ID1010","TC_ID14715"
"CC_ID6563","FL_ID1010","TC_ID14730"
"CC_ID6563","FL_ID1010","TC_ID21923"
"CC_ID6563","FL_ID1010","TC_ID22924"
"CC_ID6563","FL_ID1010","TC_ID23754"
"CC_ID6563","FL_ID1010","TC_ID25910"
"CC_ID6563","FL_ID1010","TC_ID5483"
"CC_ID6563","FL_ID1010","TC_ID8833"
"CC_ID6603","FL_ID1011","TC_ID12575"
"CC_ID6603","FL_ID1011","TC_ID15291"
"CC_ID6603","FL_ID1011","TC_ID16520"
"CC_ID6603","FL_ID1011","TC_ID16769"
"CC_ID6603","FL_ID1011","TC_ID19998"
"CC_ID6603","FL_ID1011","TC_ID20060"
"CC_ID6603","FL_ID1011","TC_ID2094"
"CC_ID6603","FL_ID1011","TC_ID22616"
"CC_ID6603","FL_ID1011","TC_ID22752"
"CC_ID11800","FL_ID1014","TC_ID18270"
"CC_ID11800","FL_ID1014","TC_ID6994"
"CC_ID670","FL_ID1015","TC_ID12675"
"CC_ID670","FL_ID1015","TC_ID18144"
"CC_ID670","FL_ID1015","TC_ID7066"
"CC_ID670","FL_ID1015","TC_ID752"
"CC_ID10844","FL_ID1016","TC_ID16065"
"CC_ID10844","FL_ID1016","TC_ID20759"
"CC_ID10844","FL_ID1016","TC_ID23773"
"CC_ID10844","FL_ID1016","TC_ID3291"
"CC_ID5334","FL_ID1017","TC_ID16105"
"CC_ID5334","FL_ID1017","TC_ID25519"
"CC_ID5334","FL_ID1017","TC_ID4378"
"CC_ID5334","FL_ID1017","TC_ID6382"
"CC_ID2022","FL_ID1019","TC_ID10988"
"CC_ID2022","FL_ID1019","TC_ID12996"
"CC_ID2022","FL_ID1019","TC_ID16378"
"CC_ID2022","FL_ID1019","TC_ID17326"
"CC_ID2022","FL_ID1019","TC_ID1840"
"CC_ID2022","FL_ID1019","TC_ID19326"
"CC_ID2022","FL_ID1019","TC_ID21180"
"CC_ID2022","FL_ID1019","TC_ID22423"
"CC_ID2022","FL_ID1019","TC_ID24220"
"CC_ID2022","FL_ID1019","TC_ID4662"
"CC_ID5168","FL_ID1022","TC_ID16412"
"CC_ID5168","FL_ID1022","TC_ID16897"
"CC_ID5168","FL_ID1022","TC_ID19727"
"CC_ID5168","FL_ID1022","TC_ID22890"
"CC_ID5168","FL_ID1022","TC_ID7377"
"CC_ID10650","FL_ID1023","TC_ID16750"
"CC_ID10650","FL_ID1023","TC_ID16955"
"CC_ID10650","FL_ID1023","TC_ID24559"
"CC_ID10650","FL_ID1023","TC_ID5708"
"CC_ID12899","FL_ID1025","TC_ID10368"
"CC_ID12899","FL_ID1025","TC_ID2984"
"CC_ID12899","FL_ID1025","TC_ID365"
"CC_ID3296","FL_ID1027","TC_ID17203"
"CC_ID3296","FL_ID1027","TC_ID2349"
"CC_ID6199","FL_ID1027","TC_ID1141"
"CC_ID3359","FL_ID1028","TC_ID7575"
"CC_ID2959","FL_ID1030","TC_ID13146"
"CC_ID2959","FL_ID1030","TC_ID24027"
"CC_ID2959","FL_ID1030","TC_ID24802"
"CC_ID8044","FL_ID1030","TC_ID1593"
"CC_ID8044","FL_ID1030","TC_ID16815"
"CC_ID8044","FL_ID1030","TC_ID19406"
"CC_ID8044","FL_ID1030","TC_ID2310"
"CC_ID8044","FL_ID1030","TC_ID24847"
"CC_ID3164","FL_ID1031","TC_ID12834"
"CC_ID3164","FL_ID1031","TC_ID20805"
"CC_ID3164","FL_ID1031","TC_ID23413"
"CC_ID5365","FL_ID1032","TC_ID10247"
"CC_ID5365","FL_ID1032","TC_ID14679"
"CC_ID5365","FL_ID1032","TC_ID14912"
"CC_ID5365","FL_ID1032","TC_ID19455"
"CC_ID5365","FL_ID1032","TC_ID1948"
"CC_ID5365","FL_ID1032","TC_ID21220"
"CC_ID5365","FL_ID1032","TC_ID21372"
"CC_ID5365","FL_ID1032","TC_ID25817"
"CC_ID5365","FL_ID1032","TC_ID6299"
"CC_ID5365","FL_ID1032","TC_ID8965"
"CC_ID10897","FL_ID1033","TC_ID10922"
"CC_ID10897","FL_ID1033","TC_ID1219"
"CC_ID10897","FL_ID1033","TC_ID12421"
"CC_ID10897","FL_ID1033","TC_ID23282"
"CC_ID10897","FL_ID1033","TC_ID584"
"CC_ID11538","FL_ID1034","TC_ID14632"
"CC_ID11538","FL_ID1034","TC_ID9897"
"CC_ID2762","FL_ID1034","TC_ID11717"
"CC_ID2762","FL_ID1034","TC_ID5645"
"CC_ID56","FL_ID1036","TC_ID5084"
"CC_ID7913","FL_ID1037","TC_ID10450"
"CC_ID7913","FL_ID1037","TC_ID14038"
"CC_ID7913","FL_ID1037","TC_ID15138"
"CC_ID11124","FL_ID1038","TC_ID15884"
"CC_ID11124","FL_ID1038","TC_ID16163"
"CC_ID11124","FL_ID1038","TC_ID24430"
"CC_ID11124","FL_ID1038","TC_ID245"
"CC_ID6721","FL_ID1038","TC_ID10539"
"CC_ID6721","FL_ID1038","TC_ID13223"
"CC_ID6721","FL_ID1038","TC_ID14694"
"CC_ID6721","FL_ID1038","TC_ID23153"
"CC_ID6721","FL_ID1038","TC_ID24312"
"CC_ID6721","FL_ID1038","TC_ID4118"
"CC_ID6721","FL_ID1038","TC_ID4311"
"CC_ID6721","FL_ID1038","TC_ID4795"
"CC_ID6721","FL_ID1038","TC_ID5560"
"CC_ID9242","FL_ID1039","TC_ID18954"
"CC_ID11707","FL_ID1042","TC_ID16206"
"CC_ID6042","FL_ID1045","TC_ID13947"
"CC_ID6042","FL_ID1045","TC_ID16258"
"CC_ID6042","FL_ID1045","TC_ID7170"
"CC_ID6427","FL_ID1045","TC_ID12703"
"CC_ID6427","FL_ID1045","TC_ID13883"
"CC_ID12926","FL_ID1046","TC_ID12456"
"CC_ID12926","FL_ID1046","TC_ID15685"
"CC_ID12926","FL_ID1046","TC_ID7804"
"CC_ID12273","FL_ID1047","TC_ID19017"
"CC_ID12273","FL_ID1047","TC_ID867"
"CC_ID11373","FL_ID1049","TC_ID3448"
"CC_ID1630","FL_ID1050","TC_ID18294"
"CC_ID1630","FL_ID1050","TC_ID24485"
"CC_ID1630","FL_ID1050","TC_ID381"
"CC_ID4664","FL_ID1051","TC_ID16676"
"CC_ID4664","FL_ID1051","TC_ID20498"
"CC_ID4664","FL_ID1051","TC_ID2617"
"CC_ID4664","FL_ID1051","TC_ID5856"
"CC_ID4664","FL_ID1051","TC_ID6998"
"CC_ID4664","FL_ID1051","TC_ID8129"
"CC_ID4664","FL_ID1051","TC_ID8947"
"CC_ID7677","FL_ID1052","TC_ID3191"
"CC_ID7677","FL_ID1052","TC_ID3748"
"CC_ID7677","FL_ID1052","TC_ID5558"
"CC_ID419","FL_ID1053","TC_ID20905"
"CC_ID419","FL_ID1053","TC_ID23874"
"CC_ID419","FL_ID1053","TC_ID5778"
"CC_ID12380","FL_ID1061","TC_ID18199"
"CC_ID12380","FL_ID1061","TC_ID18727"
"CC_ID12380","FL_ID1061","TC_ID2031"
"CC_ID12380","FL_ID1061","TC_ID20763"
"CC_ID12380","FL_ID1061","TC_ID20912"
"CC_ID12380","FL_ID1061","TC_ID24368"
"CC_ID12380","FL_ID1061","TC_ID8964"
"CC_ID12380","FL_ID1061","TC_ID9966"
"CC_ID8522","FL_ID1064","TC_ID10841"
"CC_ID8522","FL_ID1064","TC_ID20400"
"CC_ID8522","FL_ID1064","TC_ID3814"
"CC_ID4495","FL_ID1066","TC_ID24638"
"CC_ID945","FL_ID1069","TC_ID10517"
"CC_ID945","FL_ID1069","TC_ID21193"
"CC_ID945","FL_ID1069","TC_ID21902"
"CC_ID395","FL_ID1070","TC_ID14173"
"CC_ID395","FL_ID1070","TC_ID2481"
"CC_ID395","FL_ID1070","TC_ID8931"
"CC_ID5174","FL_ID1071","TC_ID11498"
"CC_ID5174","FL_ID1071","TC_ID19080"
"CC_ID4157","FL_ID1072","TC_ID11183"
"CC_ID4157","FL_ID1072","TC_ID15590"
"CC_ID4157","FL_ID1072","TC_ID21677"
"CC_ID8335","FL_ID1073","TC_ID10763"
"CC_ID8335","FL_ID1073","TC_ID10911"
"CC_ID8335","FL_ID1073","TC_ID1262"
"CC_ID8335","FL_ID1073","TC_ID18382"
"CC_ID8335","FL_ID1073","TC_ID20122"
"CC_ID8335","FL_ID1073","TC_ID2029"
"CC_ID8335","FL_ID1073","TC_ID21333"
"CC_ID8335","FL_ID1073","TC_ID9254"
"CC_ID12468","FL_ID1074","TC_ID12751"
"CC_ID12468","FL_ID1074","TC_ID15108"
"CC_ID12468","FL_ID1074","TC_ID18731"
"CC_ID1112","FL_ID1079","TC_ID19437"
"CC_ID1112","FL_ID1079","TC_ID24638"
"CC_ID1112","FL_ID1079","TC_ID3595"
"CC_ID1112","FL_ID1079","TC_ID6169"
"CC_ID1112","FL_ID1079","TC_ID8065"
"CC_ID2856","FL_ID1079","TC_ID25124"
"CC_ID10391","FL_ID1081","TC_ID14529"
"CC_ID10972","FL_ID1082","TC_ID3933"
"CC_ID11628","FL_ID1083","TC_ID20208"
"CC_ID11628","FL_ID1083","TC_ID23025"
"CC_ID11628","FL_ID1083","TC_ID23387"
"CC_ID11628","FL_ID1083","TC_ID8828"
"CC_ID516","FL_ID1087","TC_ID10128"
"CC_ID516","FL_ID1087","TC_ID11629"
"CC_ID516","FL_ID1087","TC_ID20177"
"CC_ID516","FL_ID1087","TC_ID23284"
"CC_ID516","FL_ID1087","TC_ID8296"
"CC_ID9926","FL_ID1089","TC_ID21238"
"CC_ID9926","FL_ID1089","TC_ID22073"
"CC_ID9926","FL_ID1089","TC_ID24531"
"CC_ID9926","FL_ID1089","TC_ID8914"
"CC_ID2054","FL_ID1090","TC_ID11864"
"CC_ID2054","FL_ID1090","TC_ID1365"
"CC_ID2054","FL_ID1090","TC_ID8761"
"CC_ID10909","FL_ID1091","TC_ID12963"
"CC_ID11978","FL_ID1091","TC_ID12328"
"CC_ID11978","FL_ID1091","TC_ID22845"
"CC_ID11978","FL_ID1091","TC_ID23656"
"CC_ID4538","FL_ID1091","TC_ID11880"
"CC_ID4538","FL_ID1091","TC_ID6036"
"CC_ID11486","FL_ID1092","TC_ID1185"
"CC_ID11486","FL_ID1092","TC_ID15843"
"CC_ID11486","FL_ID1092","TC_ID19714"
"CC_ID11486","FL_ID1092","TC_ID23766"
"CC_ID11486","FL_ID1092","TC_ID24358"
"CC_ID11486","FL_ID1092","TC_ID24850"
"CC_ID11486","FL_ID1092","TC_ID5150"
"CC_ID11486","FL_ID1092","TC_ID7483"
"CC_ID11486","FL_ID1092","TC_ID7989"
"CC_ID12715","FL_ID1093","TC_ID10690"
"CC_ID12715","FL_ID1093","TC_ID11315"
"CC_ID12715","FL_ID1093","TC_ID15776"
"CC_ID12715","FL_ID1093","TC_ID20615"
"CC_ID12715","FL_ID1093","TC_ID2308"
"CC_ID6620","FL_ID1096","TC_ID10307"
"CC_ID6620","FL_ID1096","TC_ID7756"
"CC_ID6620","FL_ID1096","TC_ID7788"
"CC_ID453","FL_ID1100","TC_ID12330"
"CC_ID453","FL_ID1100","TC_ID12828"
"CC_ID453","FL_ID1100","TC_ID17531"
"CC_ID453","FL_ID1100","TC_ID18027"
"CC_ID453","FL_ID1100","TC_ID19072"
"CC_ID453","FL_ID1100","TC_ID19698"
"CC_ID453","FL_ID1100","TC_ID4853"
"CC_ID453","FL_ID1100","TC_ID7921"
"CC_ID11582","FL_ID1101","TC_ID5156"
"CC_ID11582","FL_ID1101","TC_ID5818"
"CC_ID11582","FL_ID1101","TC_ID7512"
"CC_ID3437","FL_ID1101","TC_ID13240"
"CC_ID3437","FL_ID1101","TC_ID14801"
"CC_ID3437","FL_ID1101","TC_ID25827"
"CC_ID7015","FL_ID1101","TC_ID11666"
"CC_ID7015","FL_ID1101","TC_ID5080"
"CC_ID7015","FL_ID1101","TC_ID5950"
"CC_ID8850","FL_ID1102","TC_ID10323"
"CC_ID8850","FL_ID1102","TC_ID10999"
"CC_ID8850","FL_ID1102","TC_ID17890"
"CC_ID8850","FL_ID1102","TC_ID24633"
"CC_ID8850","FL_ID1102","TC_ID2758"
"CC_ID8558","FL_ID1103","TC_ID10654"
"CC_ID8558","FL_ID1103","TC_ID17445"
"CC_ID8558","FL_ID1103","TC_ID5250"
"CC_ID6429","FL_ID1106","TC_ID16041"
"CC_ID6429","FL_ID1106","TC_ID20417"
"CC_ID6429","FL_ID1106","TC_ID23313"
"CC_ID6429","FL_ID1106","TC_ID23400"
"CC_ID6429","FL_ID1106","TC_ID4190"
"CC_ID7497","FL_ID1109","TC_ID20839"
"CC_ID7497","FL_ID1109","TC_ID25108"
"CC_ID6325","FL_ID1112","TC_ID16912"
"CC_ID6325","FL_ID1112","TC_ID25783"
"CC_ID6325","FL_ID1112","TC_ID3145"
"CC_ID6325","FL_ID1112","TC_ID320"
"CC_ID6325","FL_ID1112","TC_ID7688"
"CC_ID7113","FL_ID1112","TC_ID16507"
"CC_ID7113","FL_ID1112","TC_ID9506"
"CC_ID2098","FL_ID1113","TC_ID11638"
"CC_ID2098","FL_ID1113","TC_ID20369"
"CC_ID2098","FL_ID1113","TC_ID6981"
"CC_ID6073","FL_ID1113","TC_ID5048"
"CC_ID11566","FL_ID1117","TC_ID21757"
"CC_ID11566","FL_ID1117","TC_ID4060"
"CC_ID7673","FL_ID1118","TC_ID13240"
"CC_ID7673","FL_ID1118","TC_ID17312"
"CC_ID7673","FL_ID1118","TC_ID1867"
"CC_ID7673","FL_ID1118","TC_ID18808"
"CC_ID7673","FL_ID1118","TC_ID18903"
"CC_ID7673","FL_ID1118","TC_ID19379"
"CC_ID7673","FL_ID1118","TC_ID7731"
"CC_ID7673","FL_ID1118","TC_ID9994"
"CC_ID670","FL_ID1119","TC_ID12675"
"CC_ID670","FL_ID1119","TC_ID18144"
"CC_ID670","FL_ID1119","TC_ID7066"
"CC_ID670","FL_ID1119","TC_ID752"
"CC_ID12156","FL_ID1122","TC_ID11279"
"CC_ID12156","FL_ID1122","TC_ID1416"
"CC_ID12156","FL_ID1122","TC_ID15616"
"CC_ID12156","FL_ID1122","TC_ID18602"
"CC_ID12156","FL_ID1122","TC_ID24439"
"CC_ID12156","FL_ID1122","TC_ID7522"
"CC_ID12156","FL_ID1122","TC_ID9372"
"CC_ID6884","FL_ID1122","TC_ID15832"
"CC_ID6884","FL_ID1122","TC_ID22151"
"CC_ID6884","FL_ID1122","TC_ID6208"
"CC_ID6884","FL_ID1122","TC_ID8352"
"CC_ID2635","FL_ID1124","TC_ID13940"
"CC_ID2635","FL_ID1124","TC_ID383"
"CC_ID7902","FL_ID1124","TC_ID17133"
"CC_ID7499","FL_ID1126","TC_ID14299"
"CC_ID7499","FL_ID1126","TC_ID16503"
"CC_ID9905","FL_ID1126","TC_ID16694"
"CC_ID9905","FL_ID1126","TC_ID18475"
"CC_ID9905","FL_ID1126","TC_ID925"
"CC_ID9905","FL_ID1126","TC_ID9687"
"CC_ID4171","FL_ID1130","TC_ID300"
"CC_ID4171","FL_ID1130","TC_ID3537"
"CC_ID4171","FL_ID1130","TC_ID80"
"CC_ID582","FL_ID1130","TC_ID11638"
"CC_ID582","FL_ID1130","TC_ID13630"
"CC_ID582","FL_ID1130","TC_ID13804"
"CC_ID582","FL_ID1130","TC_ID15053"
"CC_ID582","FL_ID1130","TC_ID18078"
"CC_ID582","FL_ID1130","TC_ID19688"
"CC_ID582","FL_ID1130","TC_ID19839"
"CC_ID582","FL_ID1130","TC_ID22351"
"CC_ID582","FL_ID1130","TC_ID6239"
"CC_ID582","FL_ID1130","TC_ID9241"
"CC_ID943","FL_ID1131","TC_ID21510"
"CC_ID943","FL_ID1131","TC_ID24954"
"CC_ID943","FL_ID1131","TC_ID6410"
"CC_ID12204","FL_ID1133","TC_ID21875"
"CC_ID12204","FL_ID1133","TC_ID5067"
"CC_ID325","FL_ID1134","TC_ID22410"
"CC_ID325","FL_ID1134","TC_ID3156"
"CC_ID5174","FL_ID1135","TC_ID11498"
"CC_ID5174","FL_ID1135","TC_ID19080"
"CC_ID5138","FL_ID1139","TC_ID10198"
"CC_ID5138","FL_ID1139","TC_ID12128"
"CC_ID5138","FL_ID1139","TC_ID1363"
"CC_ID5138","FL_ID1139","TC_ID22336"
"CC_ID3757","FL_ID1143","TC_ID9622"
"CC_ID5017","FL_ID1145","TC_ID13538"
"CC_ID5017","FL_ID1145","TC_ID14297"
"CC_ID5017","FL_ID1145","TC_ID16787"
"CC_ID5017","FL_ID1145","TC_ID22810"
"CC_ID12304","FL_ID1149","TC_ID13327"
"CC_ID12304","FL_ID1149","TC_ID25698"
"CC_ID12304","FL_ID1149","TC_ID3497"
"CC_ID3300","FL_ID1153","TC_ID10440"
"CC_ID3300","FL_ID1153","TC_ID18336"
"CC_ID3300","FL_ID1153","TC_ID23379"
"CC_ID3300","FL_ID1153","TC_ID8076"
"CC_ID2958","FL_ID1154","TC_ID11239"
"CC_ID2958","FL_ID1154","TC_ID178"
"CC_ID2958","FL_ID1154","TC_ID20731"
"CC_ID2958","FL_ID1154","TC_ID24479"
"CC_ID2958","FL_ID1154","TC_ID5891"
"CC_ID2958","FL_ID1154","TC_ID8442"
"CC_ID2958","FL_ID1154","TC_ID8534"
"CC_ID10198","FL_ID1155","TC_ID13316"
"CC_ID12997","FL_ID1155","TC_ID11230"
"CC_ID12997","FL_ID1155","TC_ID1543"
"CC_ID12997","FL_ID1155","TC_ID2723"
"CC_ID12997","FL_ID1155","TC_ID7166"
"CC_ID12997","FL_ID1155","TC_ID7379"
"CC_ID4108","FL_ID1155","TC_ID17752"
"CC_ID4108","FL_ID1155","TC_ID19910"
"CC_ID4108","FL_ID1155","TC_ID23787"
"CC_ID4108","FL_ID1155","TC_ID3304"
"CC_ID4108","FL_ID1155","TC_ID5186"
"CC_ID6862","FL_ID1157","TC_ID10182"
"CC_ID8389","FL_ID1158","TC_ID15113"
"CC_ID8389","FL_ID1158","TC_ID21006"
"CC_ID8389","FL_ID1158","TC_ID22571"
"CC_ID8389","FL_ID1158","TC_ID7843"
"CC_ID8389","FL_ID1158","TC_ID8202"
"CC_ID1360","FL_ID1159","TC_ID18499"
"CC_ID1360","FL_ID1159","TC_ID19105"
"CC_ID1360","FL_ID1159","TC_ID21695"
"CC_ID1360","FL_ID1159","TC_ID2487"
"CC_ID1360","FL_ID1159","TC_ID4035"
"CC_ID4357","FL_ID1162","TC_ID3245"
"CC_ID4357","FL_ID1162","TC_ID3734"
"CC_ID2578","FL_ID1165","TC_ID13599"
"CC_ID2578","FL_ID1165","TC_ID13838"
"CC_ID2578","FL_ID1165","TC_ID17964"
"CC_ID2578","FL_ID1165","TC_ID18897"
"CC_ID2578","FL_ID1165","TC_ID22501"
"CC_ID2578","FL_ID1165","TC_ID23251"
"CC_ID2578","FL_ID1165","TC_ID24217"
"CC_ID2578","FL_ID1165","TC_ID24895"
"CC_ID2578","FL_ID1165","TC_ID5053"
"CC_ID1114","FL_ID1168","TC_ID12028"
"CC_ID1114","FL_ID1168","TC_ID2802"
"CC_ID1114","FL_ID1168","TC_ID7233"
"CC_ID12231","FL_ID1168","TC_ID11192"
"CC_ID12231","FL_ID1168","TC_ID1156"
"CC_ID12231","FL_ID1168","TC_ID1489"
"CC_ID12231","FL_ID1168","TC_ID17576"
"CC_ID3899","FL_ID1168","TC_ID16718"
"CC_ID3899","FL_ID1168","TC_ID19804"
"CC_ID3899","FL_ID1168","TC_ID24948"
"CC_ID3899","FL_ID1168","TC_ID5002"
"CC_ID3899","FL_ID1168","TC_ID8190"
"CC_ID6270","FL_ID1170","TC_ID13280"
"CC_ID6270","FL_ID1170","TC_ID18408"
"CC_ID6270","FL_ID1170","TC_ID361"
"CC_ID7058","FL_ID1170","TC_ID1806"
"CC_ID7058","FL_ID1170","TC_ID23355"
"CC_ID7058","FL_ID1170","TC_ID24369"
"CC_ID7058","FL_ID1170","TC_ID6589"
"CC_ID7058","FL_ID1170","TC_ID6723"
"CC_ID9814","FL_ID1172","TC_ID9529"
"CC_ID2582","FL_ID1175","TC_ID14623"
"CC_ID2582","FL_ID1175","TC_ID2460"
"CC_ID7961","FL_ID1175","TC_ID10582"
"CC_ID7961","FL_ID1175","TC_ID17679"
"CC_ID375","FL_ID1182","TC_ID570"
"CC_ID11635","FL_ID1184","TC_ID10522"
"CC_ID11635","FL_ID1184","TC_ID19339"
"CC_ID11635","FL_ID1184","TC_ID2884"
"CC_ID12997","FL_ID1187","TC_ID11230"
"CC_ID12997","FL_ID1187","TC_ID1543"
"CC_ID12997","FL_ID1187","TC_ID2723"
"CC_ID12997","FL_ID1187","TC_ID7166"
"CC_ID12997","FL_ID1187","TC_ID7379"
"CC_ID4698","FL_ID1187","TC_ID12566"
"CC_ID4698","FL_ID1187","TC_ID14790"
"CC_ID4698","FL_ID1187","TC_ID16228"
"CC_ID2635","FL_ID1188","TC_ID13940"
"CC_ID2635","FL_ID1188","TC_ID383"
"CC_ID10404","FL_ID1195","TC_ID6544"
"CC_ID10404","FL_ID1195","TC_ID6784"
"CC_ID1627","FL_ID1196","TC_ID13838"
"CC_ID1627","FL_ID1196","TC_ID20745"
"CC_ID1627","FL_ID1196","TC_ID4513"
"CC_ID1627","FL_ID1196","TC_ID5905"
"CC_ID3670","FL_ID1200","TC_ID11812"
"CC_ID3670","FL_ID1200","TC_ID11876"
"CC_ID3670","FL_ID1200","TC_ID14045"
"CC_ID3670","FL_ID1200","TC_ID14454"
"CC_ID3670","FL_ID1200","TC_ID14791"
"CC_ID3670","FL_ID1200","TC_ID16063"
"CC_ID3670","FL_ID1200","TC_ID18913"
"CC_ID3670","FL_ID1200","TC_ID20871"
"CC_ID3670","FL_ID1200","TC_ID5995"
"CC_ID8354","FL_ID1201","TC_ID18472"
"CC_ID8354","FL_ID1201","TC_ID19000"
"CC_ID726","FL_ID1203","TC_ID10608"
"CC_ID726","FL_ID1203","TC_ID15666"
"CC_ID726","FL_ID1203","TC_ID18394"
"CC_ID726","FL_ID1203","TC_ID4780"
"CC_ID726","FL_ID1203","TC_ID7100"
"CC_ID10347","FL_ID1204","TC_ID10566"
"CC_ID10347","FL_ID1204","TC_ID25276"
"CC_ID8031","FL_ID1204","TC_ID15408"
"CC_ID8031","FL_ID1204","TC_ID3223"
"CC_ID8031","FL_ID1204","TC_ID9454"
"CC_ID10495","FL_ID1205","TC_ID11987"
"CC_ID10495","FL_ID1205","TC_ID13876"
"CC_ID10495","FL_ID1205","TC_ID22678"
"CC_ID10495","FL_ID1205","TC_ID5106"
"CC_ID7600","FL_ID1211","TC_ID12155"
"CC_ID7600","FL_ID1211","TC_ID15985"
"CC_ID7600","FL_ID1211","TC_ID19234"
"CC_ID7600","FL_ID1211","TC_ID22048"
"CC_ID7600","FL_ID1211","TC_ID9406"
"CC_ID6675","FL_ID1214","TC_ID17205"
"CC_ID6675","FL_ID1214","TC_ID17238"
"CC_ID6675","FL_ID1214","TC_ID1903"
"CC_ID6675","FL_ID1214","TC_ID23664"
"CC_ID2271","FL_ID1215","TC_ID13219"
"CC_ID2271","FL_ID1215","TC_ID18059"
"CC_ID2271","FL_ID1215","TC_ID18326"
"CC_ID2271","FL_ID1215","TC_ID20067"
"CC_ID2271","FL_ID1215","TC_ID2396"
"CC_ID2271","FL_ID1215","TC_ID25367"
"CC_ID2271","FL_ID1215","TC_ID4343"
"CC_ID2271","FL_ID1215","TC_ID6050"
"CC_ID2271","FL_ID1215","TC_ID7081"
"CC_ID2271","FL_ID1215","TC_ID9244"
"CC_ID11169","FL_ID1217","TC_ID2195"
"CC_ID395","FL_ID1217","TC_ID14173"
"CC_ID395","FL_ID1217","TC_ID2481"
"CC_ID395","FL_ID1217","TC_ID8931"
"CC_ID5002","FL_ID1218","TC_ID21503"
"CC_ID5002","FL_ID1218","TC_ID24539"
"CC_ID5002","FL_ID1218","TC_ID5008"
"CC_ID5002","FL_ID1218","TC_ID8926"
"CC_ID833","FL_ID1220","TC_ID11491"
"CC_ID833","FL_ID1220","TC_ID14643"
"CC_ID833","FL_ID1220","TC_ID17036"
"CC_ID833","FL_ID1220","TC_ID17739"
"CC_ID833","FL_ID1220","TC_ID20745"
"CC_ID833","FL_ID1220","TC_ID24266"
"CC_ID833","FL_ID1220","TC_ID4823"
"CC_ID833","FL_ID1220","TC_ID6821"
"CC_ID833","FL_ID1220","TC_ID8007"
"CC_ID1253","FL_ID1224","TC_ID13775"
"CC_ID1253","FL_ID1224","TC_ID1962"
"CC_ID1253","FL_ID1224","TC_ID22351"
"CC_ID1253","FL_ID1224","TC_ID23264"
"CC_ID1253","FL_ID1224","TC_ID4121"
"CC_ID4695","FL_ID1224","TC_ID15148"
"CC_ID4695","FL_ID1224","TC_ID24554"
"CC_ID4695","FL_ID1224","TC_ID6703"
"CC_ID11983","FL_ID1228","TC_ID12066"
"CC_ID11983","FL_ID1228","TC_ID13458"
"CC_ID11983","FL_ID1228","TC_ID14143"
"CC_ID11983","FL_ID1228","TC_ID20272"
"CC_ID11983","FL_ID1228","TC_ID22284"
"CC_ID11983","FL_ID1228","TC_ID22569"
"CC_ID11983","FL_ID1228","TC_ID25002"
"CC_ID11983","FL_ID1228","TC_ID25751"
"CC_ID11983","FL_ID1228","TC_ID2966"
"CC_ID11983","FL_ID1228","TC_ID9499"
"CC_ID6917","FL_ID1229","TC_ID8890"
"CC_ID5658","FL_ID1231","TC_ID17074"
"CC_ID5658","FL_ID1231","TC_ID18790"
"CC_ID2339","FL_ID1232","TC_ID18599"
"CC_ID2339","FL_ID1232","TC_ID22026"
"CC_ID2339","FL_ID1232","TC_ID5306"
"CC_ID7961","FL_ID1235","TC_ID10582"
"CC_ID7961","FL_ID1235","TC_ID17679"
"CC_ID1930","FL_ID1238","TC_ID18569"
"CC_ID1930","FL_ID1238","TC_ID25937"
"CC_ID9412","FL_ID1239","TC_ID11670"
"CC_ID9412","FL_ID1239","TC_ID15654"
"CC_ID9412","FL_ID1239","TC_ID9015"
"CC_ID2524","FL_ID1240","TC_ID12234"
"CC_ID4502","FL_ID1246","TC_ID15747"
"CC_ID4502","FL_ID1246","TC_ID21960"
"CC_ID4502","FL_ID1246","TC_ID6579"
"CC_ID847","FL_ID1248","TC_ID18407"
"CC_ID847","FL_ID1248","TC_ID2626"
"CC_ID12903","FL_ID1250","TC_ID13273"
"CC_ID12903","FL_ID1250","TC_ID1583"
"CC_ID12903","FL_ID1250","TC_ID21146"
"CC_ID12903","FL_ID1250","TC_ID21901"
"CC_ID12903","FL_ID1250","TC_ID24230"
"CC_ID12903","FL_ID1250","TC_ID24546"
"CC_ID12903","FL_ID1250","TC_ID3749"
"CC_ID12903","FL_ID1250","TC_ID623"
"CC_ID12903","FL_ID1250","TC_ID9697"
"CC_ID33","FL_ID1253","TC_ID10080"
"CC_ID33","FL_ID1253","TC_ID14170"
"CC_ID33","FL_ID1253","TC_ID6129"
"CC_ID33","FL_ID1253","TC_ID8680"
"CC_ID8534","FL_ID1253","TC_ID14173"
"CC_ID8534","FL_ID1253","TC_ID20187"
"CC_ID8534","FL_ID1253","TC_ID5485"
"CC_ID4246","FL_ID1259","TC_ID10224"
"CC_ID4246","FL_ID1259","TC_ID12600"
"CC_ID4246","FL_ID1259","TC_ID13988"
"CC_ID4246","FL_ID1259","TC_ID5588"
"CC_ID4246","FL_ID1259","TC_ID6879"
"CC_ID3692","FL_ID1260","TC_ID13313"
"CC_ID3692","FL_ID1260","TC_ID22436"
"CC_ID5296","FL_ID1261","TC_ID10829"
"CC_ID5296","FL_ID1261","TC_ID12755"
"CC_ID5296","FL_ID1261","TC_ID16955"
"CC_ID5296","FL_ID1261","TC_ID19554"
"CC_ID5296","FL_ID1261","TC_ID24376"
"CC_ID71","FL_ID1262","TC_ID5562"
"CC_ID71","FL_ID1262","TC_ID9268"
"CC_ID2346","FL_ID1264","TC_ID11382"
"CC_ID2346","FL_ID1264","TC_ID17908"
"CC_ID2346","FL_ID1264","TC_ID4878"
"CC_ID10622","FL_ID1267","TC_ID13155"
"CC_ID10622","FL_ID1267","TC_ID4856"
"CC_ID6460","FL_ID1267","TC_ID11940"
"CC_ID6460","FL_ID1267","TC_ID18554"
"CC_ID6460","FL_ID1267","TC_ID2461"
"CC_ID6701","FL_ID1267","TC_ID13879"
"CC_ID6701","FL_ID1267","TC_ID20898"
"CC_ID6032","FL_ID1268","TC_ID10043"
"CC_ID6032","FL_ID1268","TC_ID11481"
"CC_ID6032","FL_ID1268","TC_ID12668"
"CC_ID6032","FL_ID1268","TC_ID17562"
"CC_ID6032","FL_ID1268","TC_ID17688"
"CC_ID6032","FL_ID1268","TC_ID23929"
"CC_ID6032","FL_ID1268","TC_ID25602"
"CC_ID6032","FL_ID1268","TC_ID5435"
"CC_ID6032","FL_ID1268","TC_ID8283"
"CC_ID6335","FL_ID1268","TC_ID23908"
"CC_ID6335","FL_ID1268","TC_ID24432"
"CC_ID6335","FL_ID1268","TC_ID2755"
"CC_ID10347","FL_ID1272","TC_ID10566"
"CC_ID10347","FL_ID1272","TC_ID25276"
"CC_ID4301","FL_ID1272","TC_ID126"
"CC_ID4301","FL_ID1272","TC_ID5278"
"CC_ID1425","FL_ID1273","TC_ID13780"
"CC_ID1425","FL_ID1273","TC_ID2144"
"CC_ID1425","FL_ID1273","TC_ID23467"
"CC_ID1425","FL_ID1273","TC_ID6949"
"CC_ID2891","FL_ID1273","TC_ID24573"
"CC_ID6432","FL_ID1277","TC_ID1436"
"CC_ID6432","FL_ID1277","TC_ID14958"
"CC_ID6432","FL_ID1277","TC_ID15417"
"CC_ID6432","FL_ID1277","TC_ID17504"
"CC_ID6432","FL_ID1277","TC_ID2210"
"CC_ID6432","FL_ID1277","TC_ID25578"
"CC_ID6432","FL_ID1277","TC_ID6319"
"CC_ID6432","FL_ID1277","TC_ID8011"
"CC_ID6432","FL_ID1277","TC_ID9024"
"CC_ID9526","FL_ID1277","TC_ID19046"
"CC_ID9526","FL_ID1277","TC_ID23862"
"CC_ID9526","FL_ID1277","TC_ID5701"
"CC_ID5666","FL_ID1278","TC_ID14029"
"CC_ID5666","FL_ID1278","TC_ID23860"
"CC_ID1930","FL_ID1283","TC_ID18569"
"CC_ID1930","FL_ID1283","TC_ID25937"
"CC_ID6747","FL_ID1285","TC_ID10228"
"CC_ID6747","FL_ID1285","TC_ID18451"
"CC_ID6747","FL_ID1285","TC_ID20303"
"CC_ID11467","FL_ID1286","TC_ID14714"
"CC_ID11467","FL_ID1286","TC_ID14961"
"CC_ID11467","FL_ID1286","TC_ID14990"
"CC_ID11467","FL_ID1286","TC_ID20971"
"CC_ID11467","FL_ID1286","TC_ID7050"
"CC_ID5297","FL_ID1288","TC_ID25212"
"CC_ID5297","FL_ID1288","TC_ID3382"
"CC_ID5297","FL_ID1288","TC_ID6623"
"CC_ID5297","FL_ID1288","TC_ID7665"
"CC_ID6986","FL_ID1290","TC_ID15938"
"CC_ID6986","FL_ID1290","TC_ID19671"
"CC_ID6986","FL_ID1290","TC_ID23828"
"CC_ID7652","FL_ID1298","TC_ID10730"
"CC_ID7652","FL_ID1298","TC_ID14654"
"CC_ID7652","FL_ID1298","TC_ID14834"
"CC_ID7652","FL_ID1298","TC_ID1823"
"CC_ID7652","FL_ID1298","TC_ID22754"
"CC_ID7652","FL_ID1298","TC_ID25295"
"CC_ID7652","FL_ID1298","TC_ID8085"
"CC_ID12926","FL_ID1300","TC_ID12456"
"CC_ID12926","FL_ID1300","TC_ID15685"
"CC_ID12926","FL_ID1300","TC_ID7804"
